1	{ OPTIONAL { [U] [U] [V] } OPTIONAL { [V] [U] [U] } OPTIONAL { [V] [U] [U] } OPTIONAL { [V] [U] [V] } OPTIONAL { [V] [U] [V] } OPTIONAL { [V] [U] [V] } OPTIONAL { [V] [U] [V] } OPTIONAL { [V] [U] [V] } OPTIONAL { [V] [U] [V] } OPTIONAL { [V] [U] [V] } }
1	{ OPTIONAL { [U] [U] [V] } OPTIONAL { [V] [U] [U] } OPTIONAL { [V] [U] [U] } OPTIONAL { [V] [U] [V] } OPTIONAL { [V] [U] [V] } OPTIONAL { [V] [U] [V] } OPTIONAL { [V] [U] [V] } OPTIONAL { [V] [U] [V] } OPTIONAL { [V] [U] [V] } }
1	{ OPTIONAL { [U] [U] [V] } OPTIONAL { [V] [U] [U] } OPTIONAL { [V] [U] [U] } OPTIONAL { [V] [U] [V] } OPTIONAL { [V] [U] [V] } }
1	{ OPTIONAL { [U] [U] [V] } OPTIONAL { [V] [U] [U] } OPTIONAL { [V] [U] [V] } OPTIONAL { [V] [U] [V] } OPTIONAL { [V] [U] [V] } OPTIONAL { [V] [U] [V] } OPTIONAL { [V] [U] [V] } OPTIONAL { [V] [U] [V] } OPTIONAL { [V] [U] [V] } OPTIONAL { [V] [U] [V] } OPTIONAL { [V] [U] [V] } }
1	{ OPTIONAL { [U] [U] [V] } OPTIONAL { [V] [U] [U] } OPTIONAL { [V] [U] [V] } OPTIONAL { [V] [U] [V] } OPTIONAL { [V] [U] [V] } OPTIONAL { [V] [U] [V] } OPTIONAL { [V] [U] [V] } OPTIONAL { [V] [U] [V] } OPTIONAL { [V] [U] [V] } }
1	{ OPTIONAL { [U] [U] [V] } OPTIONAL { [V] [U] [U] } OPTIONAL { [V] [U] [V] } OPTIONAL { [V] [U] [V] } OPTIONAL { [V] [U] [V] } OPTIONAL { [V] [U] [V] } }
1	{ OPTIONAL { [U] [U] [V] } OPTIONAL { [V] [U] [U] } OPTIONAL { [V] [U] [V] } OPTIONAL { [V] [U] [V] } }
1	{ [L] [U] [U] OPTIONAL { [L] [U] [U] } }
1	{ [U] [U] [U] ; [U] [V] ; [U] [V] }
1	{ [U] [U] [V] . [U] [U] [V] . [U] [U] [V] . [U] [U] [V] ; [U] [V] }
1	{ [U] [U] [V] . [V] [U] [U] ; [U] [V] }
1	{ [U] [U] [V] . [V] [U] [V] . [V] [U] [V] . [V] [U] [V] . [V] [U] [V] . [V] [U] [V] }
1	{ [U] [U] [V] . [V] [U] [V] . [V] [U] [V] . [V] [U] [V] . [V] [U] [V] . [V] [U] [V] } }
1	{ [U] [U] [V] . [V] [U] [V] . [V] [U] [V] . [V] [U] [V] . [V] [U] [V] } }
1	{ [U] [U] [V] . [V] [U] [V] ; [U] [V] OPTIONAL { [V] [U] [V] } }
1	{ [U] [U] [V] . [V] [U] [V] OPTIONAL { [U] [U] [V] } OPTIONAL { [V] [U] [V] } OPTIONAL { [V] [U] [V] } OPTIONAL { [U] [U] [V] } OPTIONAL { [V] [U] [V] } OPTIONAL { [U] [U] [V] } OPTIONAL { [V] [U] [V] } }
1	{ [U] [U] [V] . [V] [U] [V] OPTIONAL { [V] [U] [V] } OPTIONAL { [V] [U] [V] . [V] [U] [V] ; [U] [U] . [V] [U] [V] } }
1	{ [U] [U] [V] . [V] [U] [V] OPTIONAL { [V] [U] [V] } OPTIONAL { [V] [U] [V] . [V] [U] [V] } }
1	{ [U] [U] [V] . [V] [U] [V] OPTIONAL { [V] [U] [V] } OPTIONAL { [V] [U] [V] OPTIONAL { [V] [U] [V] . [V] [U] [V] } [V] [U] [U] . [V] [U] [V] } }
1	{ [U] [U] [V] . [V] [U] [V] OPTIONAL { [V] [U] [V] } OPTIONAL { [V] [U] [V] } OPTIONAL { [V] [U] [V] } }
1	{ [U] [U] [V] ; [U] [V] . [V] [U] [U] ; [U] [V] }
1	{ [U] [U] [V] ; [U] [V] ; [U] [V] ; [U] [V] ; [U] [V] }
1	{ [U] [U] [V] ; [U] [V] ; [U] [V] OPTIONAL { [U] [U] [V] } OPTIONAL { [U] [U] [V] } [V] [U] [V] . [V] [U] [V] }
1	{ [U] [U] [V] ; [U] [V] ; [U] [V] OPTIONAL { [U] [U] [V] } }
1	{ [U] [U] [V] ; [U] [V] ; [U] [V] OPTIONAL { [V] [U] [V] } }
1	{ [U] [U] [V] OPTIONAL { [U] [U] [V] ; [U] [V] } }
1	{ [U] [V] [L] OPTIONAL { [V] [U] [V] } OPTIONAL { [V] [U] [V] } }
1	{ [U] [V] [V] . [V] [U] [V] ; [U] [V] }
1	{ [U] [V] [V] . [V] [V] [V] ; [V] [U] }
1	{ [U] [V] [V] OPTIONAL { [U] [U] [V] } OPTIONAL { [U] [U] [V] } }
1	{ [V] [U] [L] . [V] [U] [U] . [V] [U] [U] . [U] [U] [U] . [V] [U] [V] ; [U] [U] }
1	{ [V] [U] [U] . [U] [U] [U] . [V] [U] [U] . [V] [U] [U] ; [U] [V] }
1	{ [V] [U] [U] . [U] [U] [V] . [V] [U] [L] ; [U] [V] ; [U] [V] OPTIONAL { [V] [U] [V] } OPTIONAL { [V] [U] [V] } OPTIONAL { [V] [U] [V] } OPTIONAL { [U] [U] [V] . [V] [U] [V] } }
1	{ [V] [U] [U] . [U] [U] [V] . [V] [U] [L] ; [U] [V] OPTIONAL { [V] [U] [V] } OPTIONAL { [V] [U] [V] } OPTIONAL { [V] [U] [V] } OPTIONAL { [V] [U] [V] } OPTIONAL { [U] [U] [V] . [V] [U] [V] } }
1	{ [V] [U] [U] . [U] [U] [V] . [V] [U] [L] ; [U] [V] { { [V] [U] [V] } UNION { [V] [U] [V] } } OPTIONAL { [V] [U] [V] } OPTIONAL { [V] [U] [V] } OPTIONAL { [U] [U] [V] . [V] [U] [V] } }
1	{ [V] [U] [U] . [U] [U] [V] . [V] [U] [V] ; [U] [L] ; [U] [V] OPTIONAL { [V] [U] [V] } OPTIONAL { [V] [U] [V] } OPTIONAL { [V] [U] [V] } OPTIONAL { [U] [U] [V] . [V] [U] [V] } }
1	{ [V] [U] [U] . [V] [U] [U] . [U] [U] [U] . [V] [U] [V] ; [U] [U] . [V] [U] [U] ; [U] [L] }
1	{ [V] [U] [U] . [V] [U] [U] . [U] [U] [U] . [V] [U] [V] ; [U] [U] . [V] [U] [U] ; [U] [U] }
1	{ [V] [U] [U] . [V] [U] [U] . [V] [U] [U] . [V] [U] [U] . [V] [U] [U] . [V] [U] [U] . [V] [U] [V] ; [U] [V] . [V] [U] [V] ; [U] [V] ; [U] [V] }
1	{ [V] [U] [U] . [V] [U] [U] . [V] [U] [U] . [V] [U] [U] . [V] [U] [V] ; [U] [V] . [V] [U] [V] ; [U] [V] ; [U] [V] }
1	{ [V] [U] [U] . [V] [U] [U] . [V] [U] [U] . [V] [U] [U] ; [U] [V] . [V] [U] [V] . [V] [U] [V] . [V] [U] [V] }
1	{ [V] [U] [U] . [V] [U] [U] . [V] [U] [U] . [V] [U] [V] . [V] [U] [V] . [V] [U] [V] ; [U] [V] }
1	{ [V] [U] [U] . [V] [U] [U] . [V] [U] [U] . [V] [U] [V] ; [U] [V] . [V] [U] [U] ; [U] [U] }
1	{ [V] [U] [U] . [V] [U] [U] . [V] [U] [U] ; [U] [V] . [V] [U] [V] . [V] [U] [V] }
1	{ [V] [U] [U] . [V] [U] [U] . [V] [U] [U] ; [U] [V] . [V] [U] [V] }
1	{ [V] [U] [U] . [V] [U] [U] . [V] [U] [U] ; [U] [V] ; [U] [V] . [V] [U] [V] ; [U] [V] ; [U] [V] }
1	{ [V] [U] [U] . [V] [U] [U] . [V] [U] [U] ; [U] [V] ; [U] [V] }
1	{ [V] [U] [U] . [V] [U] [U] . [V] [U] [V] . [V] [U] [V] . [V] [U] [V] }
1	{ [V] [U] [U] . [V] [U] [U] . [V] [U] [V] ; [U] [U] ; [U] [U] . [V] [U] [U] . [U] [U] [U] . [V] [U] [V] ; [U] [U] }
1	{ [V] [U] [U] . [V] [U] [U] . [V] [U] [V] ; [U] [V] . [V] [U] [L] }
1	{ [V] [U] [U] . [V] [U] [U] . [V] [U] [V] ; [U] [V] . [V] [U] [V] ; [U] [V] }
1	{ [V] [U] [U] . [V] [U] [U] . [V] [U] [V] ; [U] [V] ; [U] [U] }
1	{ [V] [U] [U] . [V] [U] [U] ; [U] [V] . [V] [U] [V] }
1	{ [V] [U] [U] . [V] [U] [U] ; [U] [V] ; [U] [U] OPTIONAL { [V] [U] [V] } [V] [U] [V] OPTIONAL { [V] [U] [V] } [V] [U] [V] }
1	{ [V] [U] [U] . [V] [U] [U] OPTIONAL { [V] [U] [V] } OPTIONAL { [V] [U] [V] } OPTIONAL { [V] [U] [V] } OPTIONAL { [V] [U] [V] } OPTIONAL { [V] [U] [V] } OPTIONAL { [V] [U] [V] } OPTIONAL { [V] [U] [V] } OPTIONAL { [V] [U] [V] } }
1	{ [V] [U] [U] . [V] [U] [U] }
1	{ [V] [U] [U] . [V] [U] [V] . [V] [U] [U] . [V] [U] [V] . [V] [U] [U] . [V] [U] [V] . [V] [U] [U] . [V] [U] [V] ; [U] [U] OPTIONAL { [V] [U] [V] } }
1	{ [V] [U] [U] . [V] [U] [V] . [V] [U] [U] . [V] [U] [V] . [V] [U] [U] . [V] [U] [V] . [V] [U] [U] . [V] [U] [V] ; [U] [U] }
1	{ [V] [U] [U] . [V] [U] [V] . [V] [U] [U] . [V] [U] [V] . [V] [U] [U] . [V] [U] [V] . [V] [U] [U] }
1	{ [V] [U] [U] . [V] [U] [V] . [V] [U] [U] . [V] [U] [V] ; [U] [U] . [V] [U] [V] . [V] [U] [U] . [V] [U] [V] ; [U] [U] OPTIONAL { [V] [U] [V] } OPTIONAL { [V] [U] [V] } OPTIONAL { [V] [U] [V] } OPTIONAL { [V] [U] [V] } }
1	{ [V] [U] [U] . [V] [U] [V] . [V] [U] [U] . [V] [U] [V] ; [U] [U] }
1	{ [V] [U] [U] . [V] [U] [V] . [V] [U] [V] . [V] [U] [U] . [V] [U] [V] . [V] [U] [U] . [V] [U] [V] . [V] [U] [U] ; [U] [V] OPTIONAL { [V] [U] [V] } OPTIONAL { [V] [U] [V] } OPTIONAL { [V] [U] [V] } OPTIONAL { [V] [U] [V] } OPTIONAL { [V] [U] [V] } }
1	{ [V] [U] [U] . [V] [U] [V] . [V] [U] [V] . [V] [U] [U] . [V] [U] [V] . [V] [U] [U] }
1	{ [V] [U] [U] . [V] [U] [V] . [V] [U] [V] . [V] [U] [U] . [V] [U] [V] ; [U] [U] OPTIONAL { [V] [U] [V] } }
1	{ [V] [U] [U] . [V] [U] [V] . [V] [U] [V] . [V] [U] [V] OPTIONAL { [V] [U] [U] . [V] [U] [U] . [V] [U] [V] . [V] [U] [V] . [V] [U] [V] } }
1	{ [V] [U] [U] . [V] [U] [V] ; [U] [U] . [V] [U] [V] ; [U] [U] . [V] [U] [V] ; [U] [U] }
1	{ [V] [U] [U] . [V] [U] [V] ; [U] [U] . [V] [U] [V] ; [U] [U] OPTIONAL { [V] [U] [V] } OPTIONAL { [V] [U] [V] } OPTIONAL { [V] [U] [V] } OPTIONAL { [V] [U] [V] } }
1	{ [V] [U] [U] . [V] [U] [V] ; [U] [U] . [V] [U] [V] ; [U] [U] OPTIONAL { [V] [U] [V] } OPTIONAL { [V] [U] [V] } OPTIONAL { [V] [U] [V] } }
1	{ [V] [U] [U] . [V] [U] [V] ; [U] [U] . [V] [U] [V] ; [U] [U] OPTIONAL { [V] [U] [V] } OPTIONAL { [V] [U] [V] } }
1	{ [V] [U] [U] . [V] [U] [V] ; [U] [U] . [V] [U] [V] ; [U] [U] OPTIONAL { [V] [U] [V] } }
1	{ [V] [U] [U] . [V] [U] [V] ; [U] [U] ; [U] [U] }
1	{ [V] [U] [U] . [V] [U] [V] ; [U] [U] OPTIONAL { [V] [U] [V] } OPTIONAL { [V] [U] [V] } OPTIONAL { [V] [U] [V] } OPTIONAL { [V] [U] [V] } OPTIONAL { [V] [U] [V] } OPTIONAL { [V] [U] [V] } OPTIONAL { [V] [U] [V] } }
1	{ [V] [U] [U] . [V] [U] [V] ; [U] [U] OPTIONAL { [V] [U] [V] } }
1	{ [V] [U] [U] . [V] [U] [V] ; [U] [V] . [V] [U] [U] ; [U] [V] . [V] [U] [V] . [V] [U] [U] . [V] [U] [V] . [V] [U] [U] OPTIONAL { [V] [U] [V] } OPTIONAL { [V] [U] [V] } OPTIONAL { [V] [U] [V] } OPTIONAL { [V] [U] [V] } }
1	{ [V] [U] [U] . [V] [U] [V] ; [U] [V] . [V] [U] [V] ; [U] [V] OPTIONAL { [V] [U] [V] } }
1	{ [V] [U] [U] . [V] [U] [V] ; [U] [V] . [V] [U] [V] ; [U] [V] }
1	{ [V] [U] [U] . [V] [U] [V] ; [U] [V] . [V] [U] [V] OPTIONAL { [V] [U] [V] } OPTIONAL { [V] [U] [V] } }
1	{ [V] [U] [U] . [V] [U] [V] ; [U] [V] ; [U] [U] . [V] [U] [V] . [V] [U] [U] OPTIONAL { [V] [U] [V] } OPTIONAL { [V] [U] [V] } OPTIONAL { [V] [U] [V] } }
1	{ [V] [U] [U] . [V] [U] [V] ; [U] [V] ; [U] [U] . [V] [U] [V] ; [U] [U] }
1	{ [V] [U] [U] ; [U] [L] . [V] [U] [U] ; [U] [V] ; [U] [V] ; [U] [V] . [V] [U] [U] ; [U] [V] }
1	{ [V] [U] [U] ; [U] [L] ; [U] [V] . [V] [U] [V] ; [U] [V] ; [U] [V] }
1	{ [V] [U] [U] ; [U] [L] ; [U] [V] . [V] [U] [V] }
1	{ [V] [U] [U] ; [U] [L] ; [U] [V] ; [U] [V] . [V] [U] [V] }
1	{ [V] [U] [U] ; [U] [L] ; [U] [V] ; [U] [V] }
1	{ [V] [U] [U] ; [U] [L] ; [U] [V] }
1	{ [V] [U] [U] ; [U] [U] . [V] [U] [U] . [V] [U] [U] . [V] [U] [V] ; [U] [U] }
1	{ [V] [U] [U] ; [U] [U] . [V] [U] [V] ; [U] [U] . [V] [U] [V] . [V] [U] [U] }
1	{ [V] [U] [U] ; [U] [U] . [V] [U] [V] ; [U] [V] }
1	{ [V] [U] [U] ; [U] [U] . [V] [U] [V] OPTIONAL { [V] [U] [V] ; [U] [V] } }
1	{ [V] [U] [U] ; [U] [U] . [V] [U] [V] OPTIONAL { [V] [U] [V] { { [V] [U] [V] } UNION { [V] [U] [V] } } } }
1	{ [V] [U] [U] ; [U] [U] ; [U] [V] . [V] [U] [U] OPTIONAL { [V] [U] [V] } OPTIONAL { [V] [U] [V] } OPTIONAL { [V] [U] [V] } OPTIONAL { [V] [U] [V] } }
1	{ [V] [U] [U] ; [U] [U] ; [U] [V] . [V] [U] [U] }
1	{ [V] [U] [U] ; [U] [U] ; [U] [V] ; [U] [V] . [V] [U] [V] ; [U] [V] }
1	{ [V] [U] [U] ; [U] [U] ; [V] [V] }
1	{ [V] [U] [U] ; [U] [V] . [V] [U] [U] . [V] [U] [V] . [V] [U] [V] }
1	{ [V] [U] [U] ; [U] [V] . [V] [U] [U] ; [U] [V] OPTIONAL { [V] [U] [V] } OPTIONAL { [V] [U] [V] } OPTIONAL { [V] [U] [V] } }
1	{ [V] [U] [U] ; [U] [V] . [V] [U] [U] OPTIONAL { [V] [U] [V] } OPTIONAL { [V] [U] [V] } OPTIONAL { [V] [U] [V] } OPTIONAL { [V] [U] [V] } OPTIONAL { [V] [U] [V] } OPTIONAL { [V] [U] [V] } OPTIONAL { [V] [U] [V] } OPTIONAL { [V] [U] [V] } OPTIONAL { [V] [U] [V] } }
1	{ [V] [U] [U] ; [U] [V] . [V] [U] [U] OPTIONAL { [V] [U] [V] } OPTIONAL { [V] [U] [V] } OPTIONAL { [V] [U] [V] } OPTIONAL { [V] [U] [V] } OPTIONAL { [V] [U] [V] } OPTIONAL { [V] [U] [V] } OPTIONAL { [V] [U] [V] } }
1	{ [V] [U] [U] ; [U] [V] . [V] [U] [U] OPTIONAL { [V] [U] [V] } OPTIONAL { [V] [U] [V] } OPTIONAL { [V] [U] [V] } OPTIONAL { [V] [U] [V] } }
1	{ [V] [U] [U] ; [U] [V] . [V] [U] [U] OPTIONAL { [V] [U] [V] } OPTIONAL { [V] [U] [V] } OPTIONAL { [V] [U] [V] } [V] [U] [V] }
1	{ [V] [U] [U] ; [U] [V] . [V] [U] [V] . [V] [U] [U] . [V] [U] [V] . [V] [U] [U] . [V] [U] [V] . [V] [U] [U] . [V] [U] [V] ; [U] [U] OPTIONAL { [V] [U] [V] } OPTIONAL { [V] [U] [V] } OPTIONAL { [V] [U] [V] } OPTIONAL { [V] [U] [V] } }
1	{ [V] [U] [U] ; [U] [V] . [V] [U] [V] . [V] [U] [U] . [V] [U] [V] . [V] [U] [U] . [V] [U] [V] . [V] [U] [U] . [V] [U] [V] ; [U] [U] OPTIONAL { [V] [U] [V] } }
1	{ [V] [U] [U] ; [U] [V] . [V] [U] [V] . [V] [U] [U] . [V] [U] [V] ; [U] [U] . [V] [U] [V] . [V] [U] [U] . [V] [U] [V] ; [U] [U] OPTIONAL { [V] [U] [V] } OPTIONAL { [V] [U] [V] } OPTIONAL { [V] [U] [V] } OPTIONAL { [V] [U] [V] } }
1	{ [V] [U] [U] ; [U] [V] . [V] [U] [V] . [V] [U] [U] . [V] [U] [V] ; [U] [U] OPTIONAL { [V] [U] [V] } OPTIONAL { [V] [U] [V] } OPTIONAL { [V] [U] [V] } }
1	{ [V] [U] [U] ; [U] [V] . [V] [U] [V] . [V] [U] [U] }
1	{ [V] [U] [U] ; [U] [V] . [V] [U] [V] . [V] [U] [V] . [V] [U] [L] . [V] [U] [V] . [V] [U] [U] ; [U] [V] . [V] [U] [V] . [V] [U] [V] . [V] [U] [V] }
1	{ [V] [U] [U] ; [U] [V] . [V] [U] [V] . [V] [U] [V] . [V] [U] [L] }
1	{ [V] [U] [U] ; [U] [V] . [V] [U] [V] . [V] [U] [V] . [V] [U] [V] . [V] [U] [L] }
1	{ [V] [U] [U] ; [U] [V] . [V] [U] [V] . [V] [U] [V] . [V] [U] [V] . [V] [U] [V] . [V] [U] [V] . [V] [U] [V] . [V] [U] [V] . [V] [U] [V] . [V] [U] [V] . [V] [U] [V] . [V] [U] [V] . [V] [U] [V] . [V] [U] [V] . [V] [U] [V] . [V] [U] [V] . [V] [U] [V] . [V] [U] [V] . [V] [U] [V] . [V] [U] [V] . [V] [U] [V] . [V] [V] [V] }
1	{ [V] [U] [U] ; [U] [V] . [V] [U] [V] . [V] [U] [V] . [V] [U] [V] . [V] [U] [V] . [V] [U] [V] }
1	{ [V] [U] [U] ; [U] [V] . [V] [U] [V] . [V] [U] [V] . [V] [U] [V] . [V] [U] [V] ; [U] [V] ; [U] [V] ; [U] [V] ; [U] [V] ; [U] [V] }
1	{ [V] [U] [U] ; [U] [V] . [V] [U] [V] . [V] [U] [V] . [V] [U] [V] ; [U] [V] ; [U] [V] ; [U] [V] ; [U] [V] ; [U] [V] }
1	{ [V] [U] [U] ; [U] [V] . [V] [U] [V] . [V] [U] [V] . [V] [U] [V] ; [U] [V] ; [U] [V] }
1	{ [V] [U] [U] ; [U] [V] . [V] [U] [V] . [V] [U] [V] ; [U] [V] . [V] [U] [V] }
1	{ [V] [U] [U] ; [U] [V] . [V] [U] [V] ; [U] [U] ; [U] [V] ; [U] [V] OPTIONAL { [V] [U] [V] } OPTIONAL { [V] [U] [V] } }
1	{ [V] [U] [U] ; [U] [V] . [V] [U] [V] ; [U] [U] ; [U] [V] OPTIONAL { [V] [U] [V] } OPTIONAL { [V] [U] [V] } OPTIONAL { [V] [U] [V] } }
1	{ [V] [U] [U] ; [U] [V] . [V] [U] [V] ; [U] [U] ; [U] [V] OPTIONAL { [V] [U] [V] } OPTIONAL { [V] [U] [V] } }
1	{ [V] [U] [U] ; [U] [V] . [V] [U] [V] ; [V] [V] }
1	{ [V] [U] [U] ; [U] [V] . [V] [V] [V] . [U] [U] [V] }
1	{ [V] [U] [U] ; [U] [V] ; [U] [V] . [U] [U] [V] }
1	{ [V] [U] [U] ; [U] [V] ; [U] [V] . [V] [U] [U] ; [U] [V] ; [U] [V] }
1	{ [V] [U] [U] ; [U] [V] ; [U] [V] . [V] [U] [U] OPTIONAL { [V] [U] [V] } OPTIONAL { [V] [U] [V] } }
1	{ [V] [U] [U] ; [U] [V] ; [U] [V] . [V] [U] [V] . [V] [U] [V] . [V] [U] [V] . [V] [U] [V] }
1	{ [V] [U] [U] ; [U] [V] ; [U] [V] . [V] [U] [V] ; [U] [U] . [V] [U] [V] . [V] [U] [U] OPTIONAL { [V] [U] [V] } }
1	{ [V] [U] [U] ; [U] [V] ; [U] [V] ; [U] [U] . [V] [U] [V] }
1	{ [V] [U] [U] ; [U] [V] ; [U] [V] ; [U] [U] ; [U] [V] }
1	{ [V] [U] [U] ; [U] [V] ; [U] [V] ; [U] [V] . [V] [U] [V] ; [U] [U] OPTIONAL { [V] [U] [V] } OPTIONAL { [V] [U] [V] } }
1	{ [V] [U] [U] ; [U] [V] ; [U] [V] ; [U] [V] . [V] [U] [V] }
1	{ [V] [U] [U] ; [U] [V] ; [U] [V] ; [U] [V] ; [U] [V] ; [U] [U] }
1	{ [V] [U] [U] ; [U] [V] ; [U] [V] ; [U] [V] ; [U] [V] ; [U] [V] . [V] [U] [V] ; [U] [V] ; [U] [V] OPTIONAL { }
1	{ [V] [U] [U] ; [U] [V] ; [U] [V] ; [U] [V] ; [U] [V] ; [U] [V] . [V] [U] [V] OPTIONAL { [V] [U] [V] } OPTIONAL { [V] [U] [V] } }
1	{ [V] [U] [U] ; [U] [V] ; [U] [V] ; [U] [V] ; [U] [V] ; [U] [V] ; [U] [V] ; [U] [V] ; [U] [V] ; [U] [V] ; [U] [V] ; [U] [V] }
1	{ [V] [U] [U] ; [U] [V] ; [U] [V] ; [U] [V] OPTIONAL { [V] [U] [V] } OPTIONAL { [V] [U] [V] ; [U] [V] } OPTIONAL { [V] [U] [V] } }
1	{ [V] [U] [U] ; [U] [V] ; [U] [V] ; [V] [V] }
1	{ [V] [U] [U] ; [U] [V] ; [U] [V] OPTIONAL { [V] [U] [V] } [V] [U] [V] . [V] [U] [U] ; [U] [V] . [V] [U] [U] }
1	{ [V] [U] [U] ; [U] [V] OPTIONAL { [V] [U] [V] . [V] [U] [V] . [V] [U] [V] } }
1	{ [V] [U] [U] ; [U] [V] OPTIONAL { [V] [U] [V] } OPTIONAL { [V] [U] [V] } OPTIONAL { [V] [U] [V] } }
1	{ [V] [U] [U] ; [V] [V] . [V] [U] [V] OPTIONAL { [V] [U] [V] } }
1	{ [V] [U] [U] ; [V] [V] OPTIONAL { [V] [V] [V] } }
1	{ [V] [U] [U] OPTIONAL { [V] [U] [V] . [V] [U] [V] } }
1	{ [V] [U] [U] OPTIONAL { [V] [U] [V] ; [V] [V] } OPTIONAL { [V] [U] [V] ; [V] [V] } }
1	{ [V] [U] [U] OPTIONAL { [V] [U] [V] } OPTIONAL { [V] [U] [V] } OPTIONAL { [V] [U] [V] } OPTIONAL { [V] [U] [V] } OPTIONAL { [V] [U] [V] } OPTIONAL { [V] [U] [V] } OPTIONAL { [V] [U] [V] } OPTIONAL { [V] [U] [V] } OPTIONAL { [V] [U] [V] } OPTIONAL { [V] [U] [V] } OPTIONAL { [V] [U] [V] } OPTIONAL { [V] [U] [V] } OPTIONAL { [V] [U] [V] } OPTIONAL { [V] [U] [V] } OPTIONAL { [V] [U] [V] } OPTIONAL { [V] [U] [V] } OPTIONAL { [V] [U] [V] } OPTIONAL { [V] [U] [V] } }
1	{ [V] [U] [U] OPTIONAL { [V] [U] [V] } OPTIONAL { [V] [U] [V] } OPTIONAL { [V] [U] [V] } OPTIONAL { [V] [U] [V] } OPTIONAL { [V] [U] [V] } OPTIONAL { [V] [U] [V] } OPTIONAL { [V] [U] [V] } OPTIONAL { [V] [U] [V] } OPTIONAL { [V] [U] [V] } OPTIONAL { [V] [U] [V] } OPTIONAL { [V] [U] [V] } OPTIONAL { [V] [U] [V] } OPTIONAL { [V] [U] [V] } OPTIONAL { [V] [U] [V] } OPTIONAL { [V] [U] [V] } OPTIONAL { [V] [U] [V] } OPTIONAL { [V] [U] [V] } }
1	{ [V] [U] [U] OPTIONAL { [V] [U] [V] } OPTIONAL { [V] [U] [V] } OPTIONAL { [V] [U] [V] } OPTIONAL { [V] [U] [V] } OPTIONAL { [V] [U] [V] } OPTIONAL { [V] [U] [V] } OPTIONAL { [V] [U] [V] } OPTIONAL { [V] [U] [V] } OPTIONAL { [V] [U] [V] } OPTIONAL { [V] [U] [V] } OPTIONAL { [V] [U] [V] } OPTIONAL { [V] [U] [V] } OPTIONAL { [V] [U] [V] } OPTIONAL { [V] [U] [V] } OPTIONAL { [V] [U] [V] } OPTIONAL { [V] [U] [V] } }
1	{ [V] [U] [U] OPTIONAL { [V] [U] [V] } OPTIONAL { [V] [U] [V] } OPTIONAL { [V] [U] [V] } OPTIONAL { [V] [U] [V] } OPTIONAL { [V] [U] [V] } OPTIONAL { [V] [U] [V] } OPTIONAL { [V] [U] [V] } OPTIONAL { [V] [U] [V] } OPTIONAL { [V] [U] [V] } OPTIONAL { [V] [U] [V] } OPTIONAL { [V] [U] [V] } OPTIONAL { [V] [U] [V] } OPTIONAL { [V] [U] [V] } OPTIONAL { [V] [U] [V] } }
1	{ [V] [U] [U] OPTIONAL { [V] [U] [V] } OPTIONAL { [V] [U] [V] } OPTIONAL { [V] [U] [V] } OPTIONAL { [V] [U] [V] } OPTIONAL { [V] [U] [V] } OPTIONAL { [V] [U] [V] } OPTIONAL { [V] [U] [V] } OPTIONAL { [V] [U] [V] } }
1	{ [V] [U] [U] OPTIONAL { [V] [V] [U] } }
1	{ [V] [U] [U] OPTIONAL { } }
1	{ [V] [U] [U] { [V] [U] [V] } UNION { [V] [U] [V] OPTIONAL { [V] [U] [V] } } OPTIONAL { [V] [U] [V] . [V] [U] [V] ; [U] [V] } }
1	{ [V] [U] [U] { [V] [U] [V] } UNION { [V] [U] [V] OPTIONAL { [V] [U] [V] } } }
1	{ [V] [U] [U] { [V] [U] [V] } UNION { [V] [U] [V] } [V] [V] [V] ; [V] [V] . [V] [U] [U] . [V] [U] [V] . [V] [U] [L] }
1	{ [V] [U] [U] { [V] [U] [V] } UNION { [V] [U] [V] } }
1	{ [V] [U] [V] . [U] [U] [V] . [V] [U] [V] OPTIONAL { [V] [U] [V] } }
1	{ [V] [U] [V] . [V] [U] [U] . [V] [U] [U] . [L] [U] [U] . [V] [U] [V] ; [U] [L] }
1	{ [V] [U] [V] . [V] [U] [U] . [V] [U] [U] . [V] [U] [U] . [V] [U] [V] ; [U] [V] ; [U] [U] . [V] [U] [U] . [V] [U] [V] ; [U] [L] }
1	{ [V] [U] [V] . [V] [U] [U] . [V] [U] [U] . [V] [U] [U] . [V] [U] [V] ; [U] [V] }
1	{ [V] [U] [V] . [V] [U] [U] . [V] [U] [U] . [V] [U] [V] ; [U] [V] }
1	{ [V] [U] [V] . [V] [U] [U] . [V] [U] [V] . [V] [U] [V] ; [U] [V] }
1	{ [V] [U] [V] . [V] [U] [U] . [V] [U] [V] . [V] [U] [V] OPTIONAL { [V] [U] [V] } OPTIONAL { [V] [U] [V] } }
1	{ [V] [U] [V] . [V] [U] [U] . [V] [U] [V] . [V] [U] [V] OPTIONAL { [V] [U] [V] } }
1	{ [V] [U] [V] . [V] [U] [U] . [V] [U] [V] OPTIONAL { [V] [U] [V] } OPTIONAL { [V] [U] [V] } }
1	{ [V] [U] [V] . [V] [U] [V] . [V] [U] [L] . [V] [U] [U] . [V] [U] [U] . [V] [U] [V] ; [U] [L] }
1	{ [V] [U] [V] . [V] [U] [V] . [V] [U] [U] . [V] [U] [U] . [V] [U] [V] ; [U] [L] }
1	{ [V] [U] [V] . [V] [U] [V] . [V] [U] [U] . [V] [U] [U] OPTIONAL { [V] [U] [V] . [V] [U] [U] . [V] [U] [V] } }
1	{ [V] [U] [V] . [V] [U] [V] . [V] [U] [U] . [V] [U] [U] OPTIONAL { [V] [U] [V] . [V] [U] [U] } }
1	{ [V] [U] [V] . [V] [U] [V] . [V] [U] [V] . [V] [U] [U] . [V] [U] [U] . [V] [U] [U] . [V] [U] [U] OPTIONAL { [V] [U] [V] . [V] [U] [U] } OPTIONAL { [V] [U] [V] . [V] [U] [U] } }
1	{ [V] [U] [V] . [V] [U] [V] . [V] [U] [V] . [V] [U] [U] . [V] [U] [U] . [V] [U] [U] OPTIONAL { [V] [U] [V] . [V] [U] [U] } }
1	{ [V] [U] [V] . [V] [U] [V] . [V] [U] [V] . [V] [U] [U] . [V] [U] [U] OPTIONAL { [V] [U] [V] . [V] [U] [U] } }
1	{ [V] [U] [V] . [V] [U] [V] . [V] [U] [V] . [V] [U] [U] . [V] [U] [U] }
1	{ [V] [U] [V] . [V] [U] [V] . [V] [U] [V] . [V] [U] [U] }
1	{ [V] [U] [V] . [V] [U] [V] . [V] [U] [V] . [V] [U] [V] . [V] [U] [V] . [V] [U] [U] . [V] [U] [U] . [V] [U] [U] }
1	{ [V] [U] [V] . [V] [U] [V] . [V] [U] [V] . [V] [U] [V] . [V] [U] [V] . [V] [U] [V] . [V] [U] [U] . [V] [U] [U] }
1	{ [V] [U] [V] . [V] [U] [V] . [V] [U] [V] ; [U] [V] . [V] [U] [U] . [V] [U] [U] . [V] [U] [U] }
1	{ [V] [U] [V] ; [U] [L] . [V] [U] [L] . [V] [U] [U] . [V] [U] [U] . [V] [U] [U] . [V] [U] [V] ; [U] [V] }
1	{ [V] [U] [V] ; [U] [L] . [V] [U] [U] . [V] [U] [U] . [V] [U] [U] . [V] [U] [V] ; [U] [V] ; [U] [U] . [V] [U] [U] . [V] [U] [V] ; [U] [L] }
1	{ [V] [U] [V] ; [U] [U] ; [U] [U] }
1	{ [V] [U] [V] ; [U] [U] ; [U] [V] . [V] [U] [L] }
1	{ [V] [U] [V] ; [U] [U] OPTIONAL { [V] [U] [V] } }
1	{ [V] [U] [V] ; [U] [V] . [V] [U] [L] . [V] [U] [U] ; [U] [V] . [V] [U] [L] }
1	{ [V] [U] [V] ; [U] [V] . [V] [U] [U] ; [U] [U] . [V] [U] [V] . [V] [U] [U] ; [U] [V] }
1	{ [V] [U] [V] ; [U] [V] . [V] [U] [U] ; [U] [V] }
1	{ [V] [U] [V] ; [U] [V] . [V] [U] [V] . [V] [U] [U] ; [U] [V] . [V] [U] [L] }
1	{ [V] [U] [V] ; [U] [V] . [V] [U] [V] . [V] [U] [U] ; [U] [V] . [V] [U] [V] }
1	{ [V] [U] [V] { [V] [U] [V] ; [U] [U] . [V] [V] [V] } }
1	{ [V] [U] [V] { [V] [U] [V] ; [U] [U] } }
1	{ [V] [V] [U] . [U] [V] [V] }
1	{ [V] [V] [U] . [V] [V] [V] . [U] [V] [V] }
1	{ [V] [V] [U] ; [V] [V] . [U] [V] [V] }
1	{ [V] [V] [U] ; [V] [V] . [V] [V] [U] }
1	{ [V] [V] [U] ; [V] [V] }
1	{ [V] [V] [U] OPTIONAL { [V] [U] [V] } OPTIONAL { [V] [U] [V] } [V] [U] [V] ; [U] [V] ; [U] [V] . [V] [U] [V] OPTIONAL { [V] [U] [V] } OPTIONAL { [V] [U] [V] } }
1	{ [V] [V] [U] OPTIONAL { [V] [U] [V] } OPTIONAL { [V] [U] [V] } }
1	{ [V] [V] [V] . [U] [V] [V] }
1	{ { OPTIONAL { [V] [U] [V] } OPTIONAL { [V] [U] [V] } } [V] [U] [U] }
1	{ { [U] [U] [V] . [V] [U] [V] } UNION { [U] [U] [V] . [V] [U] [V] } UNION { [U] [U] [V] . [V] [U] [V] } }
1	{ { [U] [U] [V] ; [U] [V] ; [U] [V] } UNION { [U] [U] [V] . [V] [U] [V] } }
1	{ { [U] [U] [V] ; [U] [V] OPTIONAL { [U] [U] [V] . [V] [U] [V] } } UNION { [U] [U] [V] . [V] [U] [V] } UNION { [U] [U] [V] } UNION { [U] [U] [V] . [V] [U] [V] } }
1	{ { [U] [U] [V] } UNION { [U] [U] [V] } UNION { [U] [U] [V] } UNION { [U] [U] [V] } UNION { [U] [U] [V] } UNION { [V] [U] [U] } [V] [U] [U] ; [U] [V] }
1	{ { [U] [U] [V] } UNION { [V] [U] [U] } UNION { [V] [U] [U] } UNION { [V] [U] [U] } UNION { [V] [U] [U] } [V] [U] [U] ; [U] [V] }
1	{ { [U] [U] [V] } UNION { [V] [U] [U] } [V] [U] [U] }
1	{ { [U] [U] [V] } { [V] [U] [V] } { [V] [U] [V] } }
1	{ { [U] [U] [V] } { [V] [U] [V] } }
1	{ { [U] [V] [V] } UNION { [V] [V] [U] } UNION { [V] [U] [U] OPTIONAL { [V] [V] [U] } } }
1	{ { [V] [U] [L] ; [U] [V] . [V] [U] [V] . [U] [U] [V] } UNION { [V] [U] [L] ; [U] [V] . [V] [U] [V] . [U] [U] [V] } UNION { [V] [U] [L] ; [U] [V] . [V] [U] [V] . [U] [U] [V] } UNION { [V] [U] [L] ; [U] [V] . [V] [U] [V] . [U] [U] [V] } UNION { [V] [U] [L] ; [U] [V] . [V] [U] [V] . [U] [U] [V] } UNION { [V] [U] [L] ; [U] [V] . [V] [U] [V] . [U] [U] [V] } }
1	{ { [V] [U] [U] . [V] [U] [U] . [V] [U] [V] ; [U] [V] . [V] [U] [V] ; [U] [V] } UNION { [V] [U] [U] . [V] [U] [U] . [V] [U] [V] ; [U] [V] . [V] [U] [V] ; [U] [V] } }
1	{ { [V] [U] [U] . [V] [U] [U] . [V] [U] [V] ; [U] [V] . [V] [U] [V] } UNION { [V] [U] [U] . [V] [U] [U] . [V] [U] [V] ; [U] [V] . [V] [U] [V] } }
1	{ { [V] [U] [U] . [V] [U] [V] . [V] [U] [V] ; [U] [V] } }
1	{ { [V] [U] [U] . [V] [U] [V] ; [U] [V] . [V] [U] [V] ; [U] [V] } }
1	{ { [V] [U] [U] ; [U] [L] } UNION { [V] [U] [U] ; [U] [L] } }
1	{ { [V] [U] [U] ; [U] [U] . [V] [U] [V] } }
1	{ { [V] [U] [U] ; [U] [V] . [V] [U] [L] } UNION { [V] [U] [U] ; [U] [V] . [V] [U] [L] } }
1	{ { [V] [U] [U] ; [U] [V] ; [U] [V] ; [U] [U] . [V] [U] [V] . [V] [U] [V] . [V] [U] [V] . [V] [U] [V] } }
1	{ { [V] [U] [U] ; [U] [V] ; [U] [V] ; [U] [U] . [V] [U] [V] } UNION { [V] [U] [U] ; [U] [V] ; [U] [V] ; [U] [U] . [V] [U] [V] } UNION { [V] [U] [U] ; [U] [V] ; [U] [V] ; [U] [U] . [V] [U] [V] } }
1	{ { [V] [U] [U] ; [U] [V] ; [U] [V] ; [U] [V] } }
1	{ { [V] [U] [U] ; [U] [V] ; [U] [V] } UNION { [V] [U] [U] ; [U] [V] } }
1	{ { [V] [U] [U] ; [U] [V] } UNION { [V] [U] [U] ; [U] [V] } { [V] [U] [V] } }
1	{ { [V] [U] [U] ; [U] [V] } UNION { [V] [U] [U] ; [U] [V] } }
1	{ { [V] [U] [U] ; [V] [V] } UNION { [V] [U] [U] ; [V] [V] } UNION { [V] [U] [U] ; [V] [V] } }
1	{ { [V] [U] [U] } UNION { [U] [U] [V] } }
1	{ { [V] [U] [U] } UNION { [V] [U] [U] } UNION { [V] [U] [U] } OPTIONAL { [V] [U] [V] } }
1	{ { [V] [U] [U] } UNION { [V] [U] [U] } UNION { [V] [U] [U] } [V] [U] [U] ; [U] [V] }
1	{ { [V] [U] [U] } UNION { [V] [U] [U] } UNION { [V] [U] [U] } [V] [V] [V] . [V] [U] [V] ; [U] [V] }
1	{ { [V] [U] [U] } UNION { [V] [U] [U] } UNION { [V] [U] [U] } { [V] [U] [V] } UNION { [V] [U] [V] } UNION { [V] [U] [V] } UNION { [V] [U] [V] } { [V] [U] [U] } UNION { [V] [U] [U] } }
1	{ { [V] [U] [U] } UNION { [V] [U] [U] } [V] [U] [V] . [V] [U] [V] ; [U] [U] . [V] [U] [V] { [V] [U] [U] } UNION { [V] [U] [U] } UNION { [V] [U] [U] } }
1	{ { [V] [U] [V] . [V] [U] [V] { { { { [V] [U] [U] } UNION { [V] [U] [V] . [V] [U] [U] } } UNION { [V] [U] [U] } } UNION { [V] [U] [V] . [V] [U] [U] } } } { [V] [U] [V] } }
1	{ { [V] [U] [V] . [V] [U] [V] } [V] [U] [V] . [V] [U] [V] . [U] [U] [V] }
1	{ { [V] [U] [V] ; [U] [U] } UNION { [V] [U] [V] . [V] [U] [V] ; [U] [U] } }
1	{ { [V] [U] [V] ; [U] [V] . [V] [U] [V] . [U] [U] [V] } UNION { [V] [U] [V] ; [U] [V] . [V] [U] [V] . [U] [U] [V] } UNION { [V] [U] [V] ; [U] [V] . [V] [U] [V] . [U] [U] [V] } UNION { [V] [U] [V] ; [U] [V] . [V] [U] [V] . [U] [U] [V] } UNION { [V] [U] [V] ; [U] [V] . [V] [U] [V] . [U] [U] [V] } UNION { [V] [U] [V] ; [U] [V] . [V] [U] [V] . [U] [U] [V] } }
1	{ { [V] [U] [V] ; [U] [V] { { { { [V] [U] [U] } UNION { [V] [U] [V] . [V] [U] [U] } } UNION { [V] [U] [U] } } UNION { [V] [U] [V] . [V] [U] [U] } } } { [V] [U] [V] } }
1	{ { [V] [U] [V] { { [V] [U] [U] } UNION { [V] [U] [V] . [V] [U] [U] } } } { [V] [U] [V] } }
1	{ { [V] [U] [V] { { { { [V] [U] [U] } UNION { [V] [U] [V] . [V] [U] [U] } } UNION { [V] [U] [U] } } UNION { [V] [U] [V] . [V] [U] [U] } } } { [V] [U] [V] } }
1	{ { { [V] [U] [U] } UNION { [V] [U] [U] } } OPTIONAL { [V] [U] [V] } }
1	{ { { [V] [U] [U] } UNION { [V] [U] [V] ; [U] [U] } } [V] [U] [V] ; [U] [V] ; [U] [V] ; [U] [V] ; [U] [V] . [V] [U] [V] . [V] [U] [V] . [V] [U] [V] ; [U] [V] ; [U] [V] }
1	{ { { [V] [U] [U] } UNION { [V] [U] [V] ; [U] [U] } } }
1	{ { { [V] [U] [V] } UNION { [V] [U] [V] . [V] [U] [V] } { [V] [U] [U] { { { { } UNION { [V] [U] [V] . [V] [U] [U] } } UNION { [V] [U] [U] } } UNION { [V] [U] [V] . [V] [U] [U] } } } } { [V] [U] [V] } }
1	{ { { [V] [U] [V] } UNION { [V] [U] [V] . [V] [U] [V] } { { [V] [U] [U] } UNION { [V] [U] [V] . [V] [U] [U] } } } { [V] [U] [V] } }
1	{ { { [V] [U] [V] } UNION { [V] [U] [V] . [V] [U] [V] } { { { [V] [U] [U] } UNION { [V] [U] [U] } } UNION { [V] [U] [V] . [V] [U] [U] } } } { [V] [U] [V] } }
1	{ { { [V] [U] [V] } UNION { [V] [U] [V] . [V] [U] [V] } { { { [V] [U] [U] } UNION { [V] [U] [V] . [V] [U] [U] } } UNION { [V] [U] [U] } } } { [V] [U] [V] } }
1	{ { { [V] [U] [V] } UNION { [V] [U] [V] . [V] [U] [V] } { { { [V] [U] [U] } UNION { [V] [U] [V] . [V] [U] [U] } } UNION { [V] [U] [V] . [V] [U] [U] } } } { [V] [U] [V] } }
1	{ { { [V] [U] [V] } UNION { [V] [U] [V] . [V] [U] [V] } { { { [V] [U] [V] . [V] [U] [U] } UNION { [V] [U] [U] } } UNION { [V] [U] [V] . [V] [U] [U] } } } { [V] [U] [V] } }
1	{ { { [V] [U] [V] } UNION { [V] [U] [V] . [V] [U] [V] } { { { { [V] [U] [U] } UNION { [V] [U] [V] . [V] [U] [U] } } UNION { [V] [U] [U] } } UNION { [V] [U] [V] . [V] [U] [U] } } } { [V] [U] [V] } }
1	{ { { [V] [U] [V] } UNION { [V] [U] [V] . [V] [U] [V] } { { { { } UNION { [V] [U] [V] . [V] [U] [U] } } UNION { [V] [U] [U] } } UNION { [V] [U] [V] . [V] [U] [U] } } } { [V] [U] [V] } }
1	{ { { { [V] [U] [U] ; [U] [V] } UNION { [V] [U] [U] ; [U] [V] } } UNION { [V] [U] [V] . [V] [U] [U] . [V] [U] [V] } } UNION { [V] [U] [V] . [V] [U] [U] . [V] [U] [V] } { [V] [U] [V] } }
1	{ { { { { [V] [U] [V] . [V] [U] [V] . [V] [U] [U] } UNION { [V] [U] [V] . [V] [U] [U] } } UNION { [V] [U] [U] } } UNION { [V] [U] [U] ; [U] [V] } } UNION { [V] [U] [V] . [V] [U] [U] . [V] [U] [V] } { [V] [U] [V] } }
2	{ OPTIONAL { [U] [U] [V] ; [U] [V] ; [U] [V] ; [U] [V] . [V] [U] [V] } }
2	{ OPTIONAL { [U] [U] [V] ; [U] [V] } }
2	{ OPTIONAL { [U] [U] [V] } OPTIONAL { [V] [U] [U] } OPTIONAL { [V] [U] [V] } OPTIONAL { [V] [U] [V] } OPTIONAL { [V] [U] [V] } OPTIONAL { [V] [U] [V] } OPTIONAL { [V] [U] [V] } OPTIONAL { [V] [U] [V] } }
2	{ OPTIONAL { [U] [U] [V] } OPTIONAL { [V] [U] [U] } OPTIONAL { [V] [U] [V] } OPTIONAL { [V] [U] [V] } OPTIONAL { [V] [U] [V] } OPTIONAL { [V] [U] [V] } OPTIONAL { [V] [U] [V] } }
2	{ OPTIONAL { [U] [U] [V] } [U] [U] [V] }
2	{ [U] [U] [U] ; [U] [V] ; [U] [V] . [V] [U] [V] ; [U] [V] ; [U] [V] }
2	{ [U] [U] [V] . [V] [U] [U] . [V] [U] [V] ; [U] [V] }
2	{ [U] [U] [V] . [V] [U] [V] . [V] [U] [V] . [V] [U] [V] . [V] [U] [V] }
2	{ [U] [U] [V] . [V] [U] [V] . [V] [U] [V] . [V] [U] [V] }
2	{ [U] [U] [V] . [V] [U] [V] ; [U] [V] ; [U] [V] ; [U] [V] ; [U] [V] }
2	{ [U] [U] [V] . [V] [U] [V] ; [U] [V] ; [U] [V] }
2	{ [U] [U] [V] ; [U] [V] . [V] [U] [V] OPTIONAL { [V] [U] [V] } OPTIONAL { [V] [U] [V] } OPTIONAL { [U] [U] [V] } OPTIONAL { [V] [U] [V] } OPTIONAL { [U] [U] [V] } OPTIONAL { [V] [U] [V] } }
2	{ [U] [U] [V] ; [U] [V] ; [U] [V] . [U] [U] [V] }
2	{ [U] [U] [V] ; [U] [V] ; [U] [V] ; [U] [V] . [V] [U] [V] }
2	{ [U] [U] [V] OPTIONAL { [U] [U] [V] } OPTIONAL { [U] [U] [V] } }
2	{ [U] [V] [V] . [V] [V] [V] }
2	{ [V] [U] [L] . [V] [U] [U] . [V] [U] [U] . [V] [U] [U] . [V] [U] [V] ; [U] [V] }
2	{ [V] [U] [L] . [V] [U] [U] . [V] [U] [U] . [V] [U] [V] ; [U] [U] }
2	{ [V] [U] [L] ; [U] [U] }
2	{ [V] [U] [U] . [V] [U] [U] . [V] [U] [U] . [U] [U] [U] . [V] [U] [V] ; [U] [U] }
2	{ [V] [U] [U] . [V] [U] [U] . [V] [U] [V] ; [U] [V] . [V] [U] [V] }
2	{ [V] [U] [U] . [V] [U] [U] . [V] [U] [V] ; [U] [V] }
2	{ [V] [U] [U] . [V] [U] [U] ; [U] [V] ; [U] [V] }
2	{ [V] [U] [U] . [V] [U] [V] . [V] [U] [V] . [V] [U] [U] . [V] [U] [V] . [V] [U] [U] . [V] [U] [V] . [V] [U] [U] ; [U] [V] OPTIONAL { [V] [U] [V] } OPTIONAL { [V] [U] [V] } OPTIONAL { [V] [U] [V] } OPTIONAL { [V] [U] [V] } OPTIONAL { [V] [U] [V] } OPTIONAL { [V] [U] [V] } }
2	{ [V] [U] [U] . [V] [U] [V] . [V] [U] [V] . [V] [U] [U] . [V] [U] [V] . [V] [U] [U] . [V] [U] [V] . [V] [U] [U] ; [U] [V] OPTIONAL { [V] [U] [V] } OPTIONAL { [V] [U] [V] } OPTIONAL { [V] [U] [V] } OPTIONAL { [V] [U] [V] } }
2	{ [V] [U] [U] . [V] [U] [V] . [V] [U] [V] . [V] [U] [U] . [V] [U] [V] . [V] [U] [U] ; [U] [V] . [V] [U] [V] . [V] [U] [U] OPTIONAL { [V] [U] [V] } OPTIONAL { [V] [U] [V] } OPTIONAL { [V] [U] [V] } OPTIONAL { [V] [U] [V] } }
2	{ [V] [U] [U] . [V] [U] [V] . [V] [U] [V] . [V] [U] [U] . [V] [U] [V] ; [U] [U] }
2	{ [V] [U] [U] . [V] [U] [V] . [V] [U] [V] . [V] [U] [V] }
2	{ [V] [U] [U] . [V] [U] [V] ; [U] [U] . [V] [U] [V] . [V] [U] [U] OPTIONAL { [V] [U] [V] } }
2	{ [V] [U] [U] . [V] [U] [V] ; [U] [U] OPTIONAL { [V] [U] [V] } OPTIONAL { [V] [U] [V] } OPTIONAL { [V] [U] [V] } OPTIONAL { [V] [U] [V] } }
2	{ [V] [U] [U] . [V] [U] [V] ; [U] [V] . [V] [U] [V] . [V] [U] [V] . [V] [V] [V] }
2	{ [V] [U] [U] . [V] [U] [V] ; [U] [V] . [V] [U] [V] . [V] [U] [V] }
2	{ [V] [U] [U] . [V] [U] [V] ; [U] [V] . [V] [U] [V] . [V] [V] [V] }
2	{ [V] [U] [U] ; [U] [U] . [V] [U] [V] . [V] [U] [V] ; [U] [V] ; [U] [V] }
2	{ [V] [U] [U] ; [U] [U] . [V] [U] [V] ; [U] [V] . [V] [U] [V] }
2	{ [V] [U] [U] ; [U] [U] . [V] [U] [V] OPTIONAL { [V] [U] [V] { { { [V] [U] [V] } UNION { [V] [U] [V] } } UNION { [V] [U] [V] } } } }
2	{ [V] [U] [U] ; [U] [U] . [V] [U] [V] }
2	{ [V] [U] [U] ; [U] [U] ; [U] [U] }
2	{ [V] [U] [U] ; [U] [U] ; [U] [V] . [V] [U] [V] }
2	{ [V] [U] [U] ; [U] [V] . [V] [U] [U] OPTIONAL { [V] [U] [V] } OPTIONAL { [V] [U] [V] } }
2	{ [V] [U] [U] ; [U] [V] . [V] [U] [V] . [V] [U] [U] ; [U] [V] OPTIONAL { [V] [U] [V] } OPTIONAL { [V] [U] [V] } OPTIONAL { [V] [U] [V] } }
2	{ [V] [U] [U] ; [U] [V] . [V] [U] [V] . [V] [U] [U] OPTIONAL { [V] [U] [V] } OPTIONAL { [V] [U] [V] } OPTIONAL { [V] [U] [V] } }
2	{ [V] [U] [U] ; [U] [V] . [V] [U] [V] . [V] [U] [V] ; [U] [V] }
2	{ [V] [U] [U] ; [U] [V] . [V] [U] [V] . [V] [U] [V] } }
2	{ [V] [U] [U] ; [U] [V] . [V] [U] [V] ; [U] [U] OPTIONAL { [V] [U] [V] } OPTIONAL { [V] [U] [V] } }
2	{ [V] [U] [U] ; [U] [V] . [V] [U] [V] ; [U] [V] . [V] [V] [V] }
2	{ [V] [U] [U] ; [U] [V] ; [U] [U] ; [U] [V] }
2	{ [V] [U] [U] ; [U] [V] ; [U] [U] }
2	{ [V] [U] [U] ; [U] [V] ; [U] [V] . [V] [U] [U] . [V] [U] [V] }
2	{ [V] [U] [U] ; [U] [V] ; [U] [V] . [V] [U] [V] . [V] [U] [V] }
2	{ [V] [U] [U] ; [U] [V] ; [U] [V] . [V] [U] [V] ; [U] [V] }
2	{ [V] [U] [U] ; [U] [V] ; [U] [V] ; [U] [V] ; [U] [V] ; [U] [V] . [V] [U] [V] ; [U] [V] ; [U] [V] }
2	{ [V] [U] [U] ; [U] [V] ; [U] [V] ; [U] [V] ; [U] [V] }
2	{ [V] [U] [U] ; [U] [V] ; [U] [V] OPTIONAL { [V] [U] [V] } }
2	{ [V] [U] [U] ; [U] [V] OPTIONAL { [V] [U] [V] } }
2	{ [V] [U] [U] OPTIONAL { [V] [U] [V] } OPTIONAL { [V] [U] [V] } OPTIONAL { [V] [U] [V] } OPTIONAL { [V] [U] [V] } OPTIONAL { [V] [U] [V] } OPTIONAL { [V] [U] [V] } OPTIONAL { [V] [U] [V] } OPTIONAL { [V] [U] [V] } OPTIONAL { [V] [U] [V] } OPTIONAL { [V] [U] [V] } }
2	{ [V] [U] [U] OPTIONAL { [V] [U] [V] } OPTIONAL { [V] [U] [V] } OPTIONAL { [V] [U] [V] } OPTIONAL { [V] [U] [V] } }
2	{ [V] [U] [U] OPTIONAL { [V] [V] [V] } }
2	{ [V] [U] [U] { [V] [U] [V] } UNION { [V] [U] [V] } [V] [U] [V] { [V] [U] [V] } UNION { [V] [U] [V] } [V] [U] [U] }
2	{ [V] [U] [V] . [V] [U] [L] . [V] [U] [U] . [V] [U] [U] . [V] [U] [V] ; [U] [V] }
2	{ [V] [U] [V] . [V] [U] [U] . [V] [U] [V] OPTIONAL { [V] [U] [V] } OPTIONAL { [V] [U] [V] } OPTIONAL { [V] [U] [V] } }
2	{ [V] [U] [V] . [V] [U] [U] OPTIONAL { [V] [U] [V] } OPTIONAL { [V] [U] [V] } OPTIONAL { [V] [U] [V] } OPTIONAL { [V] [U] [V] } }
2	{ [V] [U] [V] . [V] [U] [V] . [V] [U] [U] . [V] [U] [U] . [V] [U] [U] OPTIONAL { [V] [U] [V] } }
2	{ [V] [U] [V] . [V] [U] [V] . [V] [U] [V] . [V] [U] [U] . [V] [U] [U] . [V] [U] [U] }
2	{ [V] [U] [V] . [V] [U] [V] . [V] [U] [V] . [V] [U] [V] . [V] [U] [V] . [V] [U] [U] . [V] [U] [U] . [V] [U] [U] . [V] [U] [U] . [V] [U] [U] . [V] [U] [U] }
2	{ [V] [V] [U] . [V] [U] [V] ; [U] [V] ; [U] [V] . [V] [U] [V] OPTIONAL { [V] [U] [V] } OPTIONAL { [V] [U] [V] } }
2	{ [V] [V] [V] OPTIONAL { [V] [V] [U] } }
2	{ { [U] [U] [V] ; [U] [V] } UNION { [U] [U] [V] . [V] [U] [V] } UNION { [U] [U] [V] } UNION { [U] [U] [V] . [V] [U] [V] } }
2	{ { [U] [U] [V] } UNION { [U] [U] [V] } UNION { [V] [U] [U] } UNION { [V] [U] [U] } [V] [U] [U] ; [U] [V] }
2	{ { [U] [U] [V] } UNION { [V] [U] [U] } [V] [U] [U] ; [U] [V] }
2	{ { [U] [V] [V] } UNION { [V] [V] [U] } UNION { [V] [U] [U] } }
2	{ { [V] [U] [U] ; [U] [V] ; [U] [V] ; [U] [U] . [V] [U] [V] . [V] [U] [V] . [V] [U] [V] . [V] [U] [V] } UNION { [V] [U] [U] ; [U] [V] ; [U] [V] ; [U] [U] . [V] [U] [V] . [V] [U] [V] . [V] [U] [V] . [V] [U] [V] } UNION { [V] [U] [U] ; [U] [V] ; [U] [V] ; [U] [U] . [V] [U] [V] . [V] [U] [V] . [V] [U] [V] . [V] [U] [V] } }
2	{ { [V] [U] [U] ; [U] [V] ; [U] [V] ; [U] [U] . [V] [U] [V] } }
2	{ { [V] [U] [U] ; [U] [V] ; [U] [V] ; [U] [V] . [V] [U] [V] . [V] [U] [V] } UNION { [V] [U] [U] ; [U] [V] ; [U] [V] ; [U] [V] . [V] [U] [V] . [V] [U] [V] } UNION { [V] [U] [U] ; [U] [V] ; [U] [V] ; [U] [V] . [V] [U] [V] . [V] [U] [V] } }
2	{ { [V] [U] [U] ; [U] [V] ; [U] [V] ; [U] [V] . [V] [U] [V] . [V] [U] [V] } }
2	{ { [V] [U] [U] ; [U] [V] } UNION { [V] [U] [U] ; [U] [U] ; [U] [V] OPTIONAL { [V] [U] [V] . [V] [U] [V] } } UNION { [V] [U] [U] ; [U] [U] ; [U] [V] } }
2	{ { [V] [U] [U] ; [U] [V] } UNION { [V] [U] [U] } UNION { [V] [U] [U] } }
2	{ { [V] [U] [U] OPTIONAL { [V] [U] [V] } OPTIONAL { [V] [U] [V] } } }
2	{ { [V] [U] [U] } UNION { [V] [U] [U] } UNION { [V] [U] [U] } }
2	{ { { [V] [U] [U] } UNION { [V] [U] [V] { { [V] [U] [U] } UNION { [V] [U] [U] } } } } }
2	{ { { [V] [U] [V] } UNION { [V] [U] [V] ; [U] [V] } { { { { [V] [U] [U] } UNION { [V] [U] [V] . [V] [U] [U] } } UNION { [V] [U] [U] } } UNION { [V] [U] [V] . [V] [U] [U] } } } { [V] [U] [V] } }
3	{ [U] [U] [V] . [V] [U] [V] ; [U] [V] . [U] [U] [V] }
3	{ [U] [U] [V] ; [U] [V] . [V] [U] [V] . [U] [U] [V] ; [U] [V] }
3	{ [U] [U] [V] ; [U] [V] ; [U] [V] . [V] [U] [V] . [U] [U] [V] ; [U] [V] }
3	{ [U] [U] [V] ; [U] [V] ; [U] [V] ; [U] [V] OPTIONAL { [V] [U] [V] } }
3	{ [U] [U] [V] OPTIONAL { [V] [U] [V] . [U] [U] [V] } }
3	{ [U] [U] [V] OPTIONAL { [V] [U] [V] } OPTIONAL { [V] [U] [V] } OPTIONAL { [V] [U] [V] } }
3	{ [U] [V] [U] . [V] [U] [V] }
3	{ [V] [U] [L] . [V] [U] [U] . [V] [U] [U] . [U] [U] [U] . [V] [U] [V] ; [U] [U] ; [U] [U] . [V] [U] [U] . [V] [U] [V] ; [U] [U] }
3	{ [V] [U] [U] . [V] [U] [U] . [U] [U] [U] . [V] [U] [V] ; [U] [U] ; [U] [U] . [V] [U] [U] . [V] [U] [V] ; [U] [U] . [V] [U] [U] ; [U] [L] }
3	{ [V] [U] [U] . [V] [U] [U] . [U] [U] [U] . [V] [U] [V] ; [U] [U] ; [U] [U] . [V] [U] [U] . [V] [U] [V] ; [U] [U] . [V] [U] [U] ; [U] [U] }
3	{ [V] [U] [U] . [V] [U] [U] . [V] [U] [U] . [U] [U] [U] . [V] [U] [V] ; [U] [U] . [V] [U] [U] ; [U] [L] }
3	{ [V] [U] [U] . [V] [U] [U] . [V] [U] [U] . [U] [U] [U] . [V] [U] [V] ; [U] [U] . [V] [U] [U] ; [U] [U] }
3	{ [V] [U] [U] . [V] [U] [U] . [V] [U] [U] . [V] [U] [U] . [V] [U] [V] ; [U] [V] }
3	{ [V] [U] [U] . [V] [U] [U] . [V] [U] [U] . [V] [U] [V] ; [U] [U] . [V] [U] [U] ; [U] [L] }
3	{ [V] [U] [U] . [V] [U] [U] . [V] [U] [U] . [V] [U] [V] ; [U] [U] . [V] [U] [U] ; [U] [U] }
3	{ [V] [U] [U] . [V] [U] [U] . [V] [U] [U] . [V] [U] [V] ; [U] [U] }
3	{ [V] [U] [U] . [V] [U] [U] . [V] [U] [U] . [V] [U] [V] ; [U] [V] . [V] [U] [U] ; [U] [L] }
3	{ [V] [U] [U] . [V] [U] [U] . [V] [U] [V] ; [U] [U] . [V] [U] [U] ; [U] [L] }
3	{ [V] [U] [U] . [V] [U] [U] . [V] [U] [V] ; [U] [U] }
3	{ [V] [U] [U] ; [U] [L] . [V] [U] [U] . [V] [U] [U] . [U] [U] [U] . [V] [U] [V] ; [U] [U] }
3	{ [V] [U] [U] ; [U] [U] ; [U] [U] ; [U] [L] }
3	{ [V] [U] [U] ; [U] [U] ; [U] [U] ; [U] [U] }
3	{ [V] [U] [U] ; [U] [V] . [V] [U] [U] OPTIONAL { [V] [U] [V] } OPTIONAL { [V] [U] [V] } OPTIONAL { [V] [U] [V] } }
3	{ [V] [U] [U] ; [U] [V] . [V] [U] [V] . [V] [U] [V] . [V] [U] [V] . [V] [V] [V] }
3	{ [V] [U] [V] . [V] [U] [V] . [V] [U] [U] . [V] [U] [U] . [V] [U] [U] OPTIONAL { [V] [U] [V] . [V] [U] [U] } }
3	{ [V] [U] [V] . [V] [U] [V] . [V] [U] [U] . [V] [U] [U] }
3	{ [V] [U] [V] ; [U] [U] ; [U] [L] }
3	{ [V] [V] [U] ; [U] [V] }
3	{ { [U] [U] [V] . [V] [U] [V] } UNION { [U] [U] [V] } UNION { [U] [U] [V] ; [U] [V] } UNION { [U] [U] [V] . [V] [U] [V] } }
3	{ { [U] [U] [V] } UNION { [U] [U] [V] . [V] [U] [V] } UNION { [U] [U] [V] . [V] [U] [V] } UNION { [U] [U] [V] . [V] [U] [V] ; [U] [V] } }
3	{ { [U] [U] [V] } UNION { [U] [U] [V] } UNION { [V] [U] [U] } [V] [U] [U] ; [U] [V] }
3	{ { [V] [U] [U] . [V] [U] [U] . [V] [U] [V] ; [U] [V] . [V] [U] [V] } UNION { [V] [U] [U] . [V] [U] [U] . [V] [U] [V] . [V] [U] [V] ; [U] [V] } }
3	{ { [V] [U] [U] ; [U] [V] ; [U] [V] ; [U] [U] . [V] [U] [V] } UNION { [V] [U] [U] ; [U] [V] ; [U] [V] ; [U] [U] . [V] [U] [V] } }
3	{ { [V] [U] [U] ; [U] [V] } }
3	{ { [V] [U] [U] } UNION { [V] [U] [U] } [V] [U] [L] }
3	{ { [V] [U] [U] } UNION { [V] [U] [U] } [V] [U] [V] }
4	{ [U] [U] [U] }
4	{ [V] [U] [U] . [V] [U] [V] ; [U] [U] . [V] [U] [V] ; [U] [U] }
4	{ [V] [U] [U] . [V] [U] [V] ; [U] [U] OPTIONAL { [V] [U] [V] } OPTIONAL { [V] [U] [V] } OPTIONAL { [V] [U] [V] } }
4	{ [V] [U] [U] ; [U] [L] . [V] [U] [U] . [V] [U] [U] . [V] [U] [V] ; [U] [U] }
4	{ [V] [U] [U] ; [U] [V] . [V] [U] [U] . [V] [U] [V] ; [U] [U] }
4	{ [V] [U] [U] ; [U] [V] . [V] [U] [V] . [V] [U] [V] . [V] [V] [V] }
4	{ [V] [U] [U] ; [U] [V] ; [U] [V] . [V] [U] [V] ; [U] [U] }
4	{ [V] [U] [U] ; [U] [V] ; [U] [V] ; [U] [U] }
4	{ [V] [U] [U] ; [U] [V] ; [V] [V] }
4	{ [V] [U] [V] . [V] [U] [V] . [V] [U] [V] . [V] [U] [V] . [V] [U] [U] . [V] [U] [U] . [V] [U] [U] }
4	{ [V] [V] [V] OPTIONAL { [U] [V] [V] } }
4	{ { [U] [V] [V] } UNION { [U] [V] [V] } }
4	{ { [U] [V] [V] } UNION { [V] [V] [U] } UNION { [V] [U] [U] } UNION { [V] [U] [U] } }
4	{ { [V] [U] [U] ; [U] [V] ; [U] [V] ; [U] [U] . [V] [U] [V] . [V] [U] [V] . [V] [U] [V] . [V] [U] [V] } UNION { [V] [U] [U] ; [U] [V] ; [U] [V] ; [U] [U] . [V] [U] [V] . [V] [U] [V] . [V] [U] [V] . [V] [U] [V] } }
4	{ { { [V] [U] [U] } OPTIONAL { [V] [U] [V] } } }
5	{ OPTIONAL { [U] [U] [V] ; [U] [V] ; [U] [V] ; [U] [V] ; [U] [V] . [V] [U] [V] } }
5	{ [U] [U] [V] . [U] [U] [V] . [V] [U] [V] OPTIONAL { [V] [U] [V] } OPTIONAL { [V] [U] [V] } }
5	{ [U] [U] [V] . [U] [U] [V] OPTIONAL { [U] [U] [V] } }
5	{ [U] [U] [V] . [U] [U] [V] OPTIONAL { [V] [U] [V] } OPTIONAL { [V] [U] [V] } OPTIONAL { [V] [U] [V] } OPTIONAL { [V] [U] [V] } OPTIONAL { [V] [U] [V] } }
5	{ [U] [U] [V] . [U] [U] [V] OPTIONAL { [V] [U] [V] } OPTIONAL { [V] [U] [V] } OPTIONAL { [V] [U] [V] } OPTIONAL { [V] [U] [V] } { [U] [U] [V] } UNION { [U] [U] [V] } }
5	{ [U] [U] [V] . [V] [U] [V] . [V] [U] [U] OPTIONAL { [V] [U] [V] } }
5	{ [U] [U] [V] . [V] [V] [V] }
5	{ [U] [U] [V] ; [U] [V] . [V] [U] [V] OPTIONAL { [V] [U] [V] } OPTIONAL { [V] [U] [V] } }
5	{ [U] [U] [V] ; [U] [V] . [V] [U] [V] OPTIONAL { [V] [U] [V] } }
5	{ [U] [U] [V] ; [U] [V] ; [U] [V] . [V] [U] [V] ; [U] [V] }
5	{ [U] [U] [V] ; [U] [V] ; [U] [V] . [V] [U] [V] OPTIONAL { [V] [U] [V] } }
5	{ [U] [U] [V] ; [U] [V] ; [U] [V] ; [U] [V] ; [U] [V] . [V] [U] [V] }
5	{ [U] [U] [V] OPTIONAL { [V] [U] [V] } [V] [U] [V] }
5	{ [U] [V] [V] OPTIONAL { [V] [V] [U] } }
5	{ [V] [U] [U] . [U] [U] [V] . [V] [U] [V] ; [U] [L] ; [U] [V] OPTIONAL { [V] [U] [V] } OPTIONAL { [V] [U] [V] } OPTIONAL { [U] [U] [V] . [V] [U] [V] } }
5	{ [V] [U] [U] . [V] [U] [U] . [U] [U] [U] . [V] [U] [V] ; [U] [U] }
5	{ [V] [U] [U] . [V] [U] [U] . [V] [U] [U] . [V] [U] [V] ; [U] [V] }
5	{ [V] [U] [U] . [V] [U] [U] . [V] [U] [V] }
5	{ [V] [U] [U] . [V] [U] [V] ; [U] [U] OPTIONAL { [V] [U] [V] } OPTIONAL { [V] [U] [V] } }
5	{ [V] [U] [U] ; [U] [V] ; [U] [V] ; [U] [V] ; [U] [U] }
5	{ [V] [U] [U] ; [V] [V] OPTIONAL { [V] [U] [V] } OPTIONAL { [V] [U] [V] } OPTIONAL { [V] [U] [V] } }
5	{ [V] [U] [U] OPTIONAL { [V] [U] [V] } OPTIONAL { [V] [U] [V] } OPTIONAL { [V] [U] [V] } OPTIONAL { [V] [U] [V] } OPTIONAL { [V] [U] [V] } OPTIONAL { [V] [U] [V] } OPTIONAL { [V] [U] [V] } OPTIONAL { [V] [U] [V] } OPTIONAL { [V] [U] [V] } OPTIONAL { [V] [U] [V] } OPTIONAL { [V] [U] [V] } OPTIONAL { [V] [U] [V] } OPTIONAL { [V] [U] [V] } OPTIONAL { [V] [U] [V] } OPTIONAL { [V] [U] [V] } }
5	{ [V] [U] [V] . [V] [U] [U] . [V] [U] [V] }
5	{ [V] [U] [V] ; [U] [V] . [V] [U] [U] ; [U] [V] . [V] [U] [V] . [V] [U] [U] ; [U] [V] }
5	{ { [U] [U] [V] ; [U] [V] ; [U] [V] } UNION { [U] [U] [V] . [V] [U] [V] } UNION { [U] [U] [V] . [V] [U] [V] } }
5	{ { [U] [U] [V] } UNION { [U] [U] [V] } UNION { [U] [U] [V] } UNION { [U] [U] [V] } }
5	{ { [U] [U] [V] } UNION { [U] [U] [V] } UNION { [U] [U] [V] } [U] [U] [V] . [V] [U] [V] OPTIONAL { [V] [U] [V] } OPTIONAL { [V] [U] [V] } }
5	{ { [U] [U] [V] } { [U] [U] [V] } UNION { [U] [U] [V] } [U] [U] [V] . [V] [U] [V] OPTIONAL { [V] [U] [V] } OPTIONAL { [V] [U] [V] } OPTIONAL { [V] [U] [V] } }
5	{ { [U] [U] [V] } { [U] [U] [V] } UNION { [U] [U] [V] } [U] [U] [V] . [V] [U] [V] OPTIONAL { [V] [U] [V] } OPTIONAL { [V] [U] [V] } }
5	{ { [U] [U] [V] } { [U] [U] [V] } UNION { [U] [U] [V] } [U] [U] [V] . [V] [U] [V] OPTIONAL { [V] [U] [V] } }
5	{ { [U] [U] [V] } { [U] [U] [V] } UNION { [U] [U] [V] } [U] [U] [V] . [V] [U] [V] }
5	{ { [V] [U] [U] ; [U] [V] ; [U] [V] ; [U] [V] . [V] [U] [V] . [V] [U] [V] } UNION { [V] [U] [U] ; [U] [V] ; [U] [V] ; [U] [V] . [V] [U] [V] . [V] [U] [V] } }
5	{ { [V] [U] [U] OPTIONAL { [V] [U] [V] } OPTIONAL { [V] [U] [V] } } UNION { [V] [U] [U] OPTIONAL { [V] [U] [V] } OPTIONAL { [V] [U] [V] } } }
6	{ OPTIONAL { [U] [U] [V] } OPTIONAL { [V] [U] [U] } OPTIONAL { [V] [U] [V] } OPTIONAL { [V] [U] [V] } OPTIONAL { [V] [U] [V] } OPTIONAL { [V] [U] [V] } OPTIONAL { [V] [U] [V] } OPTIONAL { [V] [U] [V] } OPTIONAL { [V] [U] [V] } OPTIONAL { [V] [U] [V] } }
6	{ [U] [U] [U] OPTIONAL { [U] [U] [U] } }
6	{ [U] [U] [V] . [U] [U] [V] . [U] [U] [V] . [U] [U] [V] . [U] [U] [V] }
6	{ [V] [U] [L] ; [U] [V] . [V] [U] [U] ; [U] [V] }
6	{ [V] [U] [U] . [V] [U] [U] ; [U] [V] }
6	{ [V] [U] [U] ; [U] [V] . [V] [U] [V] . [V] [U] [V] . [V] [U] [V] . [V] [U] [V] . [V] [U] [L] }
6	{ [V] [U] [U] ; [U] [V] ; [U] [V] ; [U] [U] { { [V] [U] [V] } UNION { [V] [U] [V] } } }
6	{ [V] [U] [U] ; [U] [V] ; [U] [V] ; [U] [V] . [V] [U] [V] ; [U] [U] }
6	{ [V] [U] [U] ; [U] [V] OPTIONAL { [V] [U] [V] } OPTIONAL { [V] [U] [V] } }
6	{ [V] [U] [V] . [V] [U] [V] . [V] [U] [V] . [V] [U] [U] . [V] [U] [U] . [V] [U] [U] . [V] [U] [U] }
6	{ [V] [V] [V] ; [U] [U] OPTIONAL { [V] [U] [V] } }
6	{ { [U] [V] [V] OPTIONAL { [V] [V] [U] } } UNION { [V] [U] [U] } }
7	{ [U] [U] [V] ; [U] [V] ; [U] [V] }
7	{ [U] [U] [V] OPTIONAL { [U] [U] [V] } [U] [U] [V] }
7	{ [V] [U] [U] . [V] [U] [V] ; [V] [V] }
7	{ [V] [U] [U] ; [U] [U] ; [U] [L] }
7	{ [V] [U] [U] ; [U] [V] . [V] [U] [V] . [V] [V] [V] }
7	{ [V] [U] [U] ; [U] [V] ; [U] [V] . [V] [U] [U] }
7	{ [V] [U] [U] ; [V] [V] . [V] [V] [V] }
7	{ [V] [U] [U] OPTIONAL { [V] [U] [V] } OPTIONAL { [V] [U] [V] } OPTIONAL { [V] [U] [V] } OPTIONAL { [V] [U] [V] } OPTIONAL { [V] [U] [V] } OPTIONAL { [V] [U] [V] } OPTIONAL { [V] [U] [V] } OPTIONAL { [V] [U] [V] } OPTIONAL { [V] [U] [V] } OPTIONAL { [V] [U] [V] } OPTIONAL { [V] [U] [V] } }
7	{ [V] [U] [U] OPTIONAL { [V] [U] [V] } OPTIONAL { [V] [U] [V] } OPTIONAL { [V] [U] [V] } OPTIONAL { [V] [U] [V] } OPTIONAL { [V] [U] [V] } OPTIONAL { [V] [U] [V] } OPTIONAL { [V] [U] [V] } }
7	{ [V] [U] [V] . [V] [U] [U] . [V] [U] [U] . [V] [U] [V] ; [U] [L] }
7	{ { [U] [U] [V] . [V] [U] [V] } UNION { [U] [U] [V] ; [U] [V] ; [U] [V] } UNION { [U] [U] [V] . [V] [U] [V] } }
8	{ [V] [U] [U] ; [U] [V] . [V] [U] [L] }
8	{ [V] [U] [U] ; [U] [V] . [V] [U] [V] ; [U] [U] }
8	{ { [U] [U] [V] . [V] [U] [V] } UNION { [U] [U] [V] } }
8	{ { [V] [U] [U] ; [U] [V] . [V] [U] [V] } UNION { [V] [U] [U] ; [U] [V] } }
8	{ { [V] [U] [U] } UNION { [V] [U] [U] } [V] [U] [U] ; [U] [V] }
9	{ [V] [U] [U] ; [U] [V] . [V] [U] [L] ; [U] [V] . [V] [U] [V] }
9	{ [V] [U] [U] ; [U] [V] ; [U] [V] . [V] [U] [V] . [V] [U] [L] . [V] [U] [V] . [V] [U] [V] }
9	{ [V] [U] [U] ; [U] [V] ; [U] [V] . [V] [U] [V] ; [U] [V] ; [U] [V] }
9	{ [V] [U] [U] OPTIONAL { [V] [U] [V] } OPTIONAL { [V] [U] [V] } OPTIONAL { [V] [U] [V] } OPTIONAL { [V] [U] [V] } OPTIONAL { [V] [U] [V] } OPTIONAL { [V] [U] [V] } OPTIONAL { [V] [U] [V] } OPTIONAL { [V] [U] [V] } OPTIONAL { [V] [U] [V] } }
9	{ [V] [V] [V] ; [U] [U] }
9	{ { [V] [U] [U] } OPTIONAL { [V] [U] [V] } }
10	{ [U] [U] [V] . [U] [U] [V] . [U] [U] [V] . [U] [U] [V] }
10	{ [U] [U] [V] . [U] [U] [V] OPTIONAL { [V] [U] [V] } OPTIONAL { [V] [U] [V] } OPTIONAL { [V] [U] [V] } }
10	{ [U] [U] [V] . [U] [U] [V] OPTIONAL { [V] [U] [V] } }
10	{ [U] [U] [V] . [V] [U] [V] . [V] [U] [V] }
10	{ [U] [U] [V] . [V] [U] [V] ; [U] [V] ; [U] [V] ; [U] [V] ; [U] [V] . [V] [U] [V] }
10	{ [U] [U] [V] ; [U] [V] . [V] [U] [V] . [U] [U] [V] ; [U] [V] . [V] [U] [V] ; [U] [V] . [U] [U] [V] }
10	{ [U] [U] [V] ; [U] [V] . [V] [U] [V] ; [U] [V] ; [U] [V] ; [U] [V] }
10	{ [U] [U] [V] ; [U] [V] ; [U] [V] . [V] [U] [V] ; [U] [V] ; [U] [V] ; [U] [V] }
10	{ [U] [U] [V] OPTIONAL { [V] [U] [V] } OPTIONAL { [V] [U] [V] } }
10	{ [U] [V] [V] . [U] [V] [V] . [V] [V] [V] }
10	{ [V] [U] [U] . [V] [U] [V] ; [U] [V] . [V] [V] [V] }
10	{ [V] [U] [U] ; [U] [V] . [V] [U] [V] ; [U] [V] . [V] [U] [V] }
10	{ [V] [U] [V] . [V] [U] [V] . [V] [U] [U] . [V] [U] [U] . [V] [U] [U] }
10	{ [V] [V] [U] . [V] [V] [U] . [V] [V] [V] }
10	{ { [U] [U] [V] . [V] [U] [V] } UNION { [U] [U] [V] } UNION { [U] [U] [V] } UNION { [U] [U] [V] } UNION { [U] [U] [V] . [V] [U] [V] } }
10	{ { [U] [U] [V] } UNION { [V] [U] [U] } { [V] [U] [V] } UNION { [V] [U] [V] } OPTIONAL { [V] [U] [V] } }
11	{ OPTIONAL { [V] [U] [U] } }
11	{ [U] [V] [V] . [U] [V] [V] }
11	{ [V] [U] [U] ; [U] [V] ; [U] [V] ; [U] [V] ; [U] [V] ; [U] [V] }
11	{ [V] [U] [U] OPTIONAL { [V] [U] [V] } OPTIONAL { [V] [U] [V] } OPTIONAL { [V] [U] [V] } OPTIONAL { [V] [U] [V] } OPTIONAL { [V] [U] [V] } }
11	{ [V] [U] [V] . [V] [U] [L] . [V] [U] [U] . [V] [U] [U] . [V] [U] [U] . [V] [U] [V] ; [U] [V] }
11	{ [V] [V] [U] . [V] [V] [V] ; [V] [U] }
11	{ [V] [V] [U] ; [V] [U] }
12	{ [U] [V] [V] . [V] [V] [V] . [U] [V] [V] }
13	{ { { [V] [U] [U] ; [V] [V] } OPTIONAL { [V] [U] [V] } } UNION { [V] [U] [U] ; [U] [V] } }
14	{ { [V] [U] [U] } UNION { [V] [U] [U] } }
15	{ [U] [U] [V] . [U] [U] [V] OPTIONAL { [V] [U] [V] } OPTIONAL { [V] [U] [V] } OPTIONAL { [V] [U] [V] } OPTIONAL { [V] [U] [V] } }
15	{ [U] [U] [V] ; [U] [V] ; [U] [V] . [V] [U] [V] . [U] [U] [V] . [V] [U] [V] }
16	{ [V] [U] [U] ; [U] [V] . [V] [V] [V] }
16	{ [V] [U] [U] ; [U] [V] ; [U] [V] ; [U] [V] }
16	{ { [U] [U] [V] } UNION { [U] [U] [V] } }
17	{ [U] [U] [V] ; [U] [V] ; [U] [V] . [V] [U] [V] }
17	{ [V] [U] [U] . [V] [U] [V] ; [U] [V] . [V] [U] [V] }
17	{ [V] [U] [U] OPTIONAL { [V] [U] [V] } OPTIONAL { [V] [U] [V] } OPTIONAL { [V] [U] [V] } OPTIONAL { [V] [U] [V] } OPTIONAL { [V] [U] [V] } OPTIONAL { [V] [U] [V] } }
18	{ [U] [U] [V] ; [U] [V] }
18	{ [V] [U] [U] ; [U] [U] ; [U] [V] }
18	{ { [V] [U] [U] } UNION { [V] [U] [U] } UNION { [V] [U] [U] } [V] [V] [U] }
19	{ [U] [U] [V] . [U] [U] [V] . [U] [U] [V] . [U] [U] [V] . [U] [U] [V] . [U] [U] [V] }
19	{ [V] [U] [U] . [V] [V] [V] }
19	{ [V] [U] [U] ; [U] [V] . [V] [U] [V] . [V] [U] [V] . [V] [U] [V] }
20	{ [V] [U] [L] ; [U] [V] . [V] [U] [V] . [V] [U] [V] ; [U] [V] . [U] [U] [V] }
20	{ [V] [U] [U] . [V] [U] [V] ; [U] [U] }
20	{ }
21	{ [U] [V] [V] . [V] [V] [V] . [V] [V] [U] }
21	{ [V] [U] [U] OPTIONAL { [V] [U] [V] } OPTIONAL { [V] [U] [V] } OPTIONAL { [V] [U] [V] } }
22	{ [V] [U] [U] ; [U] [V] ; [U] [V] . [V] [U] [V] }
23	{ [U] [V] [U] }
27	{ [U] [U] [V] . [V] [U] [V] OPTIONAL { [V] [U] [V] } }
27	{ [V] [U] [U] . [V] [U] [V] ; [U] [V] . [V] [U] [V] . [V] [U] [V] . [V] [U] [V] }
29	{ [U] [U] [V] ; [U] [V] ; [U] [V] ; [U] [V] }
30	{ { [V] [U] [U] ; [U] [V] } UNION { [U] [U] [V] . [V] [U] [V] } }
31	{ [U] [U] [V] . [U] [U] [V] }
31	{ { { [V] [U] [V] } UNION { [V] [U] [V] } } [V] [U] [U] }
33	{ [V] [U] [U] OPTIONAL { [V] [U] [V] } OPTIONAL { [V] [U] [V] } }
35	{ [U] [U] [V] ; [U] [V] . [V] [U] [V] }
39	{ [U] [V] [V] . [V] [V] [U] }
50	{ [U] [U] [V] . [U] [U] [V] . [U] [U] [V] }
51	{ [V] [U] [U] . [V] [U] [U] . [V] [V] [V] . [V] [U] [V] }
54	{ [U] [U] [V] . [V] [U] [V] ; [U] [V] }
54	{ { OPTIONAL { [V] [U] [V] } OPTIONAL { [V] [U] [V] } } [V] [U] [U] ; [U] [L] }
54	{ { { [V] [U] [V] } UNION { [V] [U] [V] } } [V] [U] [U] ; [U] [L] }
56	{ [V] [U] [U] . [V] [U] [V] . [V] [U] [V] }
57	{ [V] [U] [U] ; [U] [U] }
62	{ [V] [U] [V] ; [U] [U] }
68	{ [U] [U] [U] ; [U] [V] }
70	{ [V] [U] [U] ; [U] [V] . [V] [U] [V] . [V] [U] [V] }
76	{ [V] [U] [U] ; [U] [L] }
77	{ [V] [U] [U] ; [U] [V] OPTIONAL { [V] [U] [V] } OPTIONAL { [V] [U] [V] } OPTIONAL { [V] [U] [V] } OPTIONAL { [V] [U] [V] } OPTIONAL { [V] [U] [V] } OPTIONAL { [V] [U] [V] } }
78	{ [U] [U] [V] OPTIONAL { [V] [U] [V] } }
80	{ { [U] [U] [V] . [V] [U] [V] . [U] [U] [V] } UNION { [U] [U] [V] . [V] [U] [V] . [U] [U] [V] } UNION { [U] [U] [V] . [V] [U] [V] . [U] [U] [V] } UNION { [U] [U] [V] . [V] [U] [V] . [U] [U] [V] } UNION { [U] [U] [V] . [V] [U] [V] . [U] [U] [V] } UNION { [U] [U] [V] . [V] [U] [V] . [U] [U] [V] } }
82	{ { [V] [U] [U] ; [U] [V] . [V] [U] [V] . [U] [U] [V] } UNION { [V] [U] [U] ; [U] [V] . [V] [U] [V] . [U] [U] [V] } UNION { [V] [U] [U] ; [U] [V] . [V] [U] [V] . [U] [U] [V] } UNION { [V] [U] [U] ; [U] [V] . [V] [U] [V] . [U] [U] [V] } UNION { [V] [U] [U] ; [U] [V] . [V] [U] [V] . [U] [U] [V] } UNION { [V] [U] [U] ; [U] [V] . [V] [U] [V] . [U] [U] [V] } }
99	{ [V] [U] [V] ; [U] [V] . [V] [U] [U] }
99	{ { [V] [U] [U] ; [U] [V] } UNION { [V] [U] [U] ; [U] [V] } UNION { [V] [U] [U] ; [U] [V] } UNION { [V] [U] [U] ; [U] [V] } }
104	{ { [V] [U] [U] } { [V] [V] [V] } OPTIONAL { [V] [U] [V] } }
107	{ [V] [U] [U] ; [U] [V] . [V] [U] [V] ; [U] [V] }
114	{ [V] [U] [U] . [V] [U] [V] ; [U] [V] }
114	{ { [V] [U] [U] } UNION { [U] [U] [V] } UNION { [V] [U] [U] } UNION { [U] [U] [V] } UNION { [V] [U] [U] } [V] [V] [U] }
117	{ { [V] [U] [U] ; [V] [V] } }
121	{ [V] [U] [U] . [V] [U] [U] } }
136	{ [V] [V] [V] . [V] [U] [U] }
138	{ [U] [U] [V] { [U] [U] [V] } UNION { [U] [U] [V] } [U] [U] [V] OPTIONAL { [U] [U] [V] } OPTIONAL { [U] [U] [V] } OPTIONAL { [U] [U] [V] } OPTIONAL { [U] [U] [V] } OPTIONAL { [U] [U] [V] } }
146	{ { [V] [U] [U] } }
154	{ [V] [U] [U] . [V] [U] [V] . [V] [V] [V] }
156	{ OPTIONAL { [U] [U] [V] } }
212	{ [V] [U] [U] ; [U] [V] . [V] [U] [V] . [V] [U] [V] . [V] [U] [V] . [V] [U] [V] }
223	{ [U] [U] [V] { [U] [U] [V] } UNION { [U] [U] [V] } UNION { [U] [U] [V] } [U] [U] [V] OPTIONAL { [U] [U] [V] } OPTIONAL { [U] [U] [V] } OPTIONAL { [U] [U] [V] } OPTIONAL { [U] [U] [V] } OPTIONAL { [U] [U] [V] } }
242	{ [U] [U] [V] . [V] [U] [V] OPTIONAL { [V] [U] [V] } OPTIONAL { [V] [U] [V] . [V] [U] [V] . [V] [U] [V] . [V] [U] [U] . [V] [U] [V] } }
245	{ { [U] [U] [V] OPTIONAL { [U] [U] [V] } OPTIONAL { [U] [U] [V] } } }
246	{ [U] [U] [V] { [U] [U] [V] } UNION { [U] [U] [V] } UNION { [U] [U] [V] } [U] [U] [V] OPTIONAL { [U] [U] [V] } OPTIONAL { { [U] [U] [V] } UNION { [U] [U] [V] } } OPTIONAL { [U] [U] [V] } OPTIONAL { [U] [U] [V] } OPTIONAL { [U] [U] [V] } }
247	{ [U] [U] [V] . [V] [U] [U] ; [U] [V] ; [U] [V] }
254	{ [V] [U] [U] OPTIONAL { [V] [U] [V] } }
258	{ [V] [U] [U] . [V] [U] [V] }
270	{ [V] [U] [U] ; [V] [V] . [V] [U] [V] }
280	{ [V] [U] [U] ; [U] [V] ; [U] [V] ; [U] [U] . [V] [U] [V] . [V] [U] [V] . [V] [U] [V] . [V] [U] [V] }
283	{ [V] [U] [U] ; [V] [V] OPTIONAL { [V] [U] [V] } }
295	{ [V] [U] [U] ; [U] [V] ; [U] [V] }
310	{ [V] [U] [U] ; [V] [V] OPTIONAL { [V] [U] [V] } OPTIONAL { [V] [U] [V] } }
335	{ OPTIONAL { [U] [U] [V] } OPTIONAL { [U] [U] [V] } }
367	{ { [V] [V] [U] } }
371	{ { [U] [V] [V] } }
405	{ [V] [U] [U] ; [U] [V] . [V] [U] [U] }
411	{ [U] [U] [V] . [V] [U] [V] OPTIONAL { [U] [U] [V] } OPTIONAL { [U] [U] [V] } OPTIONAL { [U] [U] [V] . [V] [U] [V] ; [U] [V] . [U] [U] [V] } OPTIONAL { [U] [U] [V] . [V] [U] [V] } OPTIONAL { [U] [U] [V] . [V] [U] [V] } }
440	{ [U] [U] [V] . [V] [U] [U] OPTIONAL { [V] [U] [V] } OPTIONAL { [U] [U] [V] . [V] [V] [V] } }
456	{ [U] [U] [V] ; [V] [V] }
465	{ [U] [U] [V] . [V] [U] [U] OPTIONAL { [V] [U] [V] } }
492	{ [U] [U] [V] . [V] [U] [V] }
517	{ [V] [U] [U] ; [U] [V] . [V] [U] [V] }
527	{ [V] [U] [U] ; [U] [V] OPTIONAL { [V] [U] [V] } OPTIONAL { [V] [U] [V] } OPTIONAL { [V] [U] [V] } OPTIONAL { [V] [U] [V] } OPTIONAL { [V] [U] [V] } OPTIONAL { [V] [U] [V] } OPTIONAL { [V] [U] [V] } }
585	{ [U] [U] [V] . [V] [U] [U] ; [U] [V] . [V] [U] [V] OPTIONAL { [V] [U] [V] } }
638	{ [U] [U] [V] . [V] [U] [V] ; [U] [V] . [V] [U] [V] }
874	{ [V] [U] [U] ; [V] [V] }
949	{ [U] [U] [V] ; [U] [V] ; [U] [V] ; [U] [V] ; [U] [V] . [V] [U] [V] . [V] [U] [V] }
2787	{ [U] [U] [V] OPTIONAL { [U] [U] [V] } OPTIONAL { [U] [U] [V] } OPTIONAL { [U] [U] [V] } OPTIONAL { [U] [U] [V] } OPTIONAL { [U] [U] [V] . [V] [U] [V] ; [U] [V] } }
2901	{ [V] [U] [V] . [V] [U] [U] }
2938	{ { [U] [U] [V] } UNION { [U] [U] [V] } OPTIONAL { [U] [U] [V] } OPTIONAL { [U] [U] [V] } OPTIONAL { [U] [U] [V] } OPTIONAL { [U] [U] [V] } OPTIONAL { [U] [U] [V] . [V] [U] [V] ; [U] [V] } }
3546	{ { [U] [U] [V] } }
3822	{ [V] [U] [U] ; [U] [V] }
3867	{ [U] [U] [V] . [V] [V] [V] . [V] [U] [V] }
5271	{ { [U] [U] [V] } UNION { [U] [U] [V] } [V] [U] [V] OPTIONAL { [U] [U] [V] } OPTIONAL { { [U] [U] [V] } UNION { [U] [U] [V] } UNION { [U] [U] [V] . [V] [U] [V] } } }
6608	{ [U] [U] [U] { [U] [U] [V] } UNION { [U] [U] [V] } OPTIONAL { [U] [U] [V] } OPTIONAL { [U] [U] [V] } OPTIONAL { [U] [U] [V] } OPTIONAL { [U] [U] [V] } OPTIONAL { [U] [U] [V] } }
7411	{ [V] [V] [U] }
9113	{ [U] [U] [V] OPTIONAL { [U] [U] [V] } OPTIONAL { [U] [U] [V] } OPTIONAL { [U] [U] [V] } OPTIONAL { [U] [U] [V] } OPTIONAL { [U] [U] [V] } }
10627	{ [U] [V] [V] OPTIONAL { [U] [U] [V] } }
20814	{ { [U] [V] [V] } UNION { [V] [V] [U] } }
51818	{ [U] [V] [V] }
146885	{ [V] [U] [U] }
383817	{ [U] [U] [V] }
