1	{ OPTIONAL { [V] [U] [V] { [V] [U] [V] } UNION { [V] [U] [V] } UNION { [V] [U] [V] } UNION { [V] [U] [V] } UNION { [V] [U] [V] } } OPTIONAL { [V] [U] [V] } }
1	{ OPTIONAL { [V] [V] [V] } }
1	{ OPTIONAL { { [U] [U] [V] } UNION { [U] [U] [V] } } [U] [U] [V] . [V] [U] [V] OPTIONAL { [V] [U] [V] } OPTIONAL { [U] [U] [V] } OPTIONAL { [V] [U] [V] } OPTIONAL { [U] [U] [V] } OPTIONAL { [V] [U] [V] } }
1	{ [L] [V] [V] OPTIONAL { [V] [V] [L] } }
1	{ [L] [V] [V] }
1	{ [U] [U] [U] . [V] [U] [V] ; [U] [V] ; [U] [V] }
1	{ [U] [U] [V] . [V] [U] [V] . [V] [U] [V] }
1	{ [U] [U] [V] . [V] [U] [V] OPTIONAL { [U] [U] [V] } OPTIONAL { [U] [U] [V] } OPTIONAL { [V] [U] [V] } OPTIONAL { [U] [U] [V] } OPTIONAL { [V] [U] [V] } OPTIONAL { [U] [U] [V] } OPTIONAL { [V] [U] [V] } }
1	{ [U] [U] [V] . [V] [U] [V] OPTIONAL { [U] [U] [V] } OPTIONAL { [V] [U] [V] } OPTIONAL { [U] [U] [V] } OPTIONAL { [V] [U] [V] } OPTIONAL { [U] [U] [V] } OPTIONAL { [V] [U] [V] } }
1	{ [U] [U] [V] . [V] [U] [V] OPTIONAL { [V] [U] [V] } OPTIONAL { [V] [U] [V] } OPTIONAL { [U] [U] [V] } OPTIONAL { [V] [U] [V] } OPTIONAL { [U] [U] [V] } OPTIONAL { [V] [U] [V] } }
1	{ [U] [U] [V] . [V] [U] [V] }
1	{ [U] [U] [V] ; [U] [V] . [V] [U] [V] OPTIONAL { [V] [U] [V] } OPTIONAL { [U] [U] [V] } OPTIONAL { [V] [U] [V] } OPTIONAL { [U] [U] [V] } OPTIONAL { [V] [U] [V] } }
1	{ [V] [U] [L] . [V] [U] [V] . [V] [U] [V] . [V] [U] [V] . [V] [U] [U] ; [U] [V] . [V] [U] [V] . [V] [U] [V] . [V] [U] [V] }
1	{ [V] [U] [L] . [V] [U] [V] . [V] [U] [V] . [V] [U] [V] }
1	{ [V] [U] [L] . [V] [U] [V] . [V] [U] [V] }
1	{ [V] [U] [L] ; [U] [V] . [V] [U] [V] . [V] [U] [V] ; [U] [V] . [V] [U] [V] ; [U] [V] }
1	{ [V] [U] [L] ; [U] [V] . [V] [U] [V] ; [U] [V] ; [U] [V] . [V] [U] [V] . [V] [U] [V] }
1	{ [V] [U] [L] ; [U] [V] ; [U] [V] . [V] [U] [V] . [V] [U] [V] }
1	{ [V] [U] [L] ; [V] [V] }
1	{ [V] [U] [U] ; [U] [V] . [V] [U] [V] . [V] [U] [V] ; [U] [V] ; [U] [V] }
1	{ [V] [U] [U] ; [U] [V] . [V] [U] [V] }
1	{ [V] [U] [U] ; [U] [V] ; [U] [V] . [V] [U] [V] . [V] [U] [V] }
1	{ [V] [U] [U] OPTIONAL { [V] [U] [V] } }
1	{ [V] [U] [V] . [V] [U] [L] . [V] [U] [L] . [V] [U] [V] ; [U] [V] }
1	{ [V] [U] [V] . [V] [U] [L] . [V] [U] [U] . [V] [U] [U] . [V] [U] [U] . [V] [U] [V] ; [U] [V] }
1	{ [V] [U] [V] . [V] [U] [L] . [V] [U] [V] ; [U] [V] { { [V] [U] [L] } UNION { [V] [U] [L] } } }
1	{ [V] [U] [V] . [V] [U] [V] . [V] [U] [L] . [V] [U] [L] }
1	{ [V] [U] [V] . [V] [U] [V] . [V] [U] [L] . [V] [U] [V] ; [U] [L] }
1	{ [V] [U] [V] . [V] [U] [V] . [V] [U] [L] }
1	{ [V] [U] [V] . [V] [U] [V] . [V] [U] [V] . [U] [U] [V] . [V] [U] [V] }
1	{ [V] [U] [V] . [V] [U] [V] . [V] [U] [V] . [V] [U] [V] . [V] [U] [V] }
1	{ [V] [U] [V] . [V] [U] [V] . [V] [U] [V] . [V] [U] [V] OPTIONAL { [V] [U] [V] } OPTIONAL { [V] [U] [V] } OPTIONAL { [V] [U] [V] } OPTIONAL { [V] [U] [V] } OPTIONAL { [V] [U] [V] } OPTIONAL { [V] [U] [V] } OPTIONAL { [V] [U] [V] } OPTIONAL { [V] [U] [V] } }
1	{ [V] [U] [V] . [V] [U] [V] ; [U] [V] . [V] [U] [V] OPTIONAL { [V] [U] [V] } OPTIONAL { [V] [U] [V] } OPTIONAL { [V] [U] [V] } OPTIONAL { [V] [U] [V] } }
1	{ [V] [U] [V] . [V] [U] [V] ; [U] [V] ; [U] [V] ; [U] [V] ; [U] [V] }
1	{ [V] [U] [V] . [V] [U] [V] OPTIONAL { [V] [U] [V] } OPTIONAL { [V] [U] [V] } OPTIONAL { [V] [U] [V] } OPTIONAL { [V] [U] [V] } OPTIONAL { [V] [U] [V] } OPTIONAL { [V] [U] [V] } OPTIONAL { [V] [U] [V] } OPTIONAL { [V] [U] [V] } OPTIONAL { [V] [U] [V] } OPTIONAL { [V] [U] [V] } OPTIONAL { [V] [U] [V] } OPTIONAL { [V] [U] [V] } OPTIONAL { [V] [U] [V] } OPTIONAL { [V] [U] [V] } OPTIONAL { [V] [U] [V] } OPTIONAL { [V] [U] [V] } }
1	{ [V] [U] [V] . [V] [U] [V] OPTIONAL { [V] [U] [V] } OPTIONAL { [V] [U] [V] } OPTIONAL { [V] [U] [V] } }
1	{ [V] [U] [V] . [V] [U] [V] OPTIONAL { [V] [U] [V] } }
1	{ [V] [U] [V] ; [U] [L] . [V] [U] [L] . [V] [U] [V] ; [U] [V] }
1	{ [V] [U] [V] ; [U] [L] . [V] [U] [V] ; [U] [V] ; [U] [V] ; [U] [L] }
1	{ [V] [U] [V] ; [U] [V] . [V] [U] [L] . [V] [U] [L] }
1	{ [V] [U] [V] ; [U] [V] . [V] [U] [L] . [V] [U] [V] ; [U] [L] }
1	{ [V] [U] [V] ; [U] [V] . [V] [U] [L] { { [V] [U] [L] } UNION { [V] [U] [L] } } }
1	{ [V] [U] [V] ; [U] [V] . [V] [U] [V] . [V] [U] [U] }
1	{ [V] [U] [V] ; [U] [V] . [V] [U] [V] . [V] [U] [V] ; [U] [V] }
1	{ [V] [U] [V] ; [U] [V] . [V] [U] [V] ; [U] [V] }
1	{ [V] [U] [V] ; [U] [V] . [V] [U] [V] OPTIONAL { [V] [U] [V] } }
1	{ [V] [U] [V] ; [U] [V] ; [U] [V] . [V] [V] [V] }
1	{ [V] [U] [V] ; [U] [V] ; [U] [V] ; [U] [V] ; [U] [V] . [V] [U] [V] OPTIONAL { [V] [U] [V] ; [U] [V] } OPTIONAL { [V] [U] [V] } OPTIONAL { [V] [U] [V] } OPTIONAL { [V] [U] [V] } OPTIONAL { [V] [U] [V] } }
1	{ [V] [U] [V] ; [U] [V] ; [U] [V] ; [U] [V] ; [U] [V] . [V] [U] [V] OPTIONAL { [V] [U] [V] } OPTIONAL { [V] [U] [V] } OPTIONAL { [V] [U] [V] } OPTIONAL { [V] [U] [V] } }
1	{ [V] [U] [V] ; [U] [V] ; [U] [V] ; [U] [V] ; [U] [V] . [V] [U] [V] OPTIONAL { [V] [U] [V] } }
1	{ [V] [U] [V] ; [U] [V] ; [U] [V] ; [U] [V] ; [U] [V] . [V] [U] [V] }
1	{ [V] [U] [V] ; [U] [V] ; [U] [V] OPTIONAL { [V] [U] [V] } [V] [U] [V] }
1	{ [V] [U] [V] ; [U] [V] OPTIONAL { [V] [U] [V] OPTIONAL { [V] [U] [V] } } }
1	{ [V] [U] [V] ; [U] [V] OPTIONAL { [V] [U] [V] } OPTIONAL { [V] [U] [V] } }
1	{ [V] [U] [V] ; [U] [V] OPTIONAL { [V] [U] [V] } }
1	{ [V] [U] [V] OPTIONAL { [V] [U] [V] } OPTIONAL { [V] [U] [V] } OPTIONAL { [V] [U] [V] } OPTIONAL { [V] [U] [V] } OPTIONAL { [V] [U] [V] } OPTIONAL { [V] [U] [V] } OPTIONAL { [V] [U] [V] } OPTIONAL { [V] [U] [V] } OPTIONAL { [V] [U] [V] } OPTIONAL { [V] [U] [V] } OPTIONAL { [V] [U] [V] } OPTIONAL { [V] [U] [V] } OPTIONAL { [V] [U] [V] } OPTIONAL { [V] [U] [V] } OPTIONAL { [V] [U] [V] } OPTIONAL { [V] [U] [V] } }
1	{ [V] [U] [V] OPTIONAL { [V] [U] [V] } OPTIONAL { [V] [U] [V] } [V] [U] [V] ; [U] [V] . [V] [U] [V] OPTIONAL { [V] [U] [V] } OPTIONAL { [V] [U] [V] } OPTIONAL { [V] [U] [V] } OPTIONAL { [V] [U] [V] } }
1	{ [V] [U] [V] OPTIONAL { [V] [U] [V] } [V] [U] [V] }
1	{ [V] [U] [V] OPTIONAL { [V] [V] [V] } }
1	{ [V] [U] [V] OPTIONAL { { [V] [U] [V] } UNION { [V] [U] [V] } UNION { [V] [U] [V] } UNION { [V] [U] [V] } UNION { [V] [U] [V] } } OPTIONAL { [V] [U] [V] } }
1	{ [V] [V] [U] . [V] [U] [V] }
1	{ [V] [V] [V] . [V] [U] [V] OPTIONAL { [V] [U] [V] } }
1	{ [V] [V] [V] . [V] [V] } }
1	{ [V] [V] [V] OPTIONAL { [V] [U] [V] } OPTIONAL { [V] [U] [V] } OPTIONAL { [V] [U] [V] } OPTIONAL { [V] [U] [V] } }
1	{ { [U] [U] [V] } UNION { [V] [U] [U] ; [U] [V] ; [U] [V] } UNION { [V] [U] [V] ; [U] [V] } }
1	{ { [U] [V] [V] } UNION { [V] [V] [U] } UNION { [V] [U] [U] ; [V] [V] } UNION { [V] [V] [V] } }
1	{ { [V] [U] [L] . [V] [U] [V] } UNION { [V] [U] [L] ; [U] [V] } UNION { [V] [U] [L] ; [U] [V] ; [U] [V] } UNION { [V] [U] [L] ; [U] [V] . [V] [U] [V] } }
1	{ { [V] [U] [L] ; [U] [V] . [V] [U] [V] } UNION { [V] [U] [L] ; [U] [V] ; [U] [V] } UNION { [V] [U] [L] ; [U] [V] . [V] [U] [V] } }
1	{ { [V] [U] [L] } UNION { [V] [U] [L] } }
1	{ { [V] [U] [U] ; [U] [V] ; [U] [V] } UNION { [V] [U] [V] } }
1	{ { [V] [U] [U] ; [U] [V] } UNION { [V] [U] [U] ; [U] [V] } UNION { [V] [U] [L] } }
1	{ { [V] [U] [U] ; [U] [V] } UNION { [V] [U] [V] } }
1	{ { [V] [U] [U] } UNION { [V] [U] [V] } }
1	{ { [V] [U] [V] ; [U] [V] } UNION { [V] [U] [V] ; [U] [V] } UNION { [V] [U] [V] ; [U] [V] } }
1	{ { [V] [U] [V] ; [U] [V] } }
1	{ { [V] [U] [V] OPTIONAL { [V] [U] [V] } OPTIONAL { [V] [U] [V] } } }
1	{ { [V] [U] [V] OPTIONAL { [V] [U] [V] } } UNION { [V] [U] [U] OPTIONAL { [V] [U] [V] } } UNION { [V] [U] [U] OPTIONAL { [V] [U] [V] } } UNION { [V] [U] [V] OPTIONAL { [V] [U] [V] } } UNION { [V] [U] [V] OPTIONAL { [V] [U] [V] } } UNION { [V] [U] [V] OPTIONAL { [V] [U] [V] } } UNION { [V] [U] [V] OPTIONAL { [V] [U] [V] } } }
1	{ { [V] [U] [V] } UNION { [V] [U] [U] } }
1	{ { [V] [U] [V] } UNION { [V] [U] [V] ; [U] [U] OPTIONAL { [V] [U] [V] } } UNION { [V] [U] [V] ; [U] [U] OPTIONAL { [V] [U] [V] } } }
1	{ { [V] [U] [V] } UNION { [V] [U] [V] } UNION { [V] [U] [V] } UNION { [V] [U] [V] } UNION { [V] [U] [V] } UNION { [V] [U] [V] } . { { UNION . { } }
1	{ { [V] [U] [V] } UNION { [V] [U] [V] } UNION { [V] [U] [V] } UNION { [V] [U] [V] } UNION { [V] [U] [V] } UNION { [V] [U] [V] } . { { UNION { } } }
1	{ { [V] [U] [V] } UNION { [V] [U] [V] } UNION { [V] [U] [V] } UNION { [V] [U] [V] } UNION { [V] [U] [V] } UNION { [V] [U] [V] } { { } UNION . { } }
1	{ { [V] [U] [V] } UNION { [V] [U] [V] } UNION { [V] [U] [V] } UNION { [V] [U] [V] } UNION { [V] [U] [V] } UNION { [V] [U] [V] } { { } } }
1	{ { [V] [U] [V] } UNION { [V] [U] [V] } UNION { [V] [U] [V] } [V] [U] [V] ; [U] [V] }
1	{ { [V] [U] [V] } UNION { [V] [U] [V] } { [V] [U] [V] } UNION { [V] [U] [V] } }
1	{ { [V] [V] [V] . [V] [U] [V] OPTIONAL { [V] [U] [V] } } UNION { [V] [V] [V] . [V] [U] [V] OPTIONAL { [V] [U] [V] } } }
1	{ { [V] [V] [V] . [V] [U] [V] OPTIONAL { [V] [U] [V] } } UNION { { [V] [V] [V] . [V] [U] [V] OPTIONAL { [V] [U] [V] } } } }
1	{ { [V] [V] [V] ; [U] [L] } UNION { [V] [V] [V] ; [U] [L] } UNION { [V] [V] [V] ; [U] [L] } UNION { [V] [V] [V] ; [U] [L] } UNION { [V] [V] [V] ; [U] [L] } UNION { [V] [V] [V] ; [U] [L] } UNION { [V] [V] [V] ; [U] [L] } }
1	{ { [V] [V] [V] ; [U] [L] } UNION { [V] [V] [V] ; [U] [L] } UNION { [V] [V] [V] ; [U] [L] } UNION { [V] [V] [V] ; [U] [L] } UNION { [V] [V] [V] ; [U] [L] } UNION { [V] [V] [V] ; [U] [L] } }
1	{ { [V] [V] [V] ; [U] [L] } UNION { [V] [V] [V] ; [U] [L] } UNION { [V] [V] [V] ; [U] [L] } }
1	{ { [V] [V] [V] OPTIONAL { [V] [U] [V] } } }
1	{ { [V] [V] [V] } OPTIONAL { [V] [U] [V] } }
1	{ { [V] [V] [V] } UNION { [V] [V] [V] . [V] [U] [U] } }
1	{ { { [V] [U] [L] } UNION { [V] [U] [L] } } }
1	{ { { [V] [U] [U] } UNION { [V] [U] [V] } } [V] [U] [V] ; [U] [V] . [V] [U] [V] . [V] [U] [V] ; [U] [V] ; [U] [V] . [V] [U] [V] { { [V] [U] [V] ; [U] [V] } UNION { [V] [U] [V] ; [U] [V] } } }
1	{ { { [V] [U] [U] } UNION { [V] [U] [V] } } [V] [U] [V] ; [U] [V] . [V] [U] [V] . [V] [U] [V] ; [U] [V] ; [U] [V] . [V] [U] [V] { { [V] [U] [V] ; [U] [V] } { [V] [U] [V] ; [U] [V] } } }
1	{ { { [V] [U] [U] } UNION { [V] [U] [V] } } [V] [U] [V] ; [U] [V] ; [U] [V] ; [U] [V] ; [U] [V] . [V] [U] [V] . [V] [U] [V] . [V] [U] [V] }
2	. { [V] [U] [V] . [V] [U] [V] ; [U] [V] ; [U] [V] ; [U] [V] ; [U] [V] }
2	{ [V] [U] [L] . [V] [U] [L] . [V] [U] [V] ; [U] [V] . [V] [U] [V] ; [U] [V] . [V] [U] [V] }
2	{ [V] [U] [L] . [V] [U] [V] { [V] [U] [V] } UNION { [V] [U] [V] } UNION { [V] [U] [V] } }
2	{ [V] [U] [L] ; [U] [L] }
2	{ [V] [U] [L] ; [U] [V] . [V] [U] [V] . [V] [U] [V] }
2	{ [V] [U] [L] ; [U] [V] . [V] [U] [V] ; [U] [V] ; [U] [V] ; [U] [V] ; [U] [V] }
2	{ [V] [U] [L] ; [U] [V] ; [U] [V] . [V] [U] [V] . [V] [U] [V] ; [U] [V] }
2	{ [V] [U] [U] . [V] [U] [V] }
2	{ [V] [U] [V] . [V] [U] [L] . [V] [U] [V] ; [U] [V] }
2	{ [V] [U] [V] . [V] [U] [L] ; [U] [L] . [V] [U] [V] ; [U] [V] }
2	{ [V] [U] [V] . [V] [U] [U] }
2	{ [V] [U] [V] . [V] [U] [V] . [V] [U] [U] }
2	{ [V] [U] [V] . [V] [U] [V] . [V] [V] [V] }
2	{ [V] [U] [V] . [V] [U] [V] ; [U] [L] . [V] [U] [V] ; [U] [L] }
2	{ [V] [U] [V] . [V] [U] [V] ; [U] [L] ; [U] [L] }
2	{ [V] [U] [V] . [V] [U] [V] ; [U] [L] }
2	{ [V] [U] [V] ; [U] [V] . [V] [U] [V] . [V] [U] [V] . [V] [U] [V] . [V] [U] [V] }
2	{ [V] [U] [V] ; [U] [V] . [V] [U] [V] . [V] [U] [V] }
2	{ [V] [U] [V] ; [U] [V] ; [U] [V] . [V] [U] [V] }
2	{ [V] [U] [V] ; [U] [V] ; [U] [V] ; [U] [V] ; [U] [V] . [V] [U] [V] OPTIONAL { [V] [U] [V] } OPTIONAL { [V] [U] [V] } OPTIONAL { [V] [U] [V] } OPTIONAL { [V] [U] [V] } OPTIONAL { [V] [U] [V] } OPTIONAL { [V] [U] [V] } }
2	{ [V] [V] [V] . [V] [U] [U] }
2	{ [V] [V] [V] . [V] [V] [V] }
2	{ [V] [V] [V] OPTIONAL { [V] [U] [U] } }
2	{ [V] [V] [V] OPTIONAL { [V] [U] [V] } OPTIONAL { [V] [U] [V] } }
2	{ { [V] [U] [V] OPTIONAL { [V] [U] [V] } } UNION { [V] [U] [U] OPTIONAL { [V] [U] [V] } } UNION { [V] [U] [V] OPTIONAL { [V] [U] [V] } } }
2	{ { [V] [U] [V] } UNION { [V] [U] [V] } UNION { [V] [U] [V] } UNION { [V] [U] [V] } [V] [U] [V] ; [U] [V] }
2	{ { [V] [U] [V] } UNION { [V] [U] [V] } UNION { [V] [U] [V] } [V] [U] [V] }
2	{ { [V] [U] [V] } UNION { [V] [U] [V] } UNION { [V] [U] [V] } }
2	{ { { [V] [U] [U] } UNION { [V] [U] [V] { { [V] [U] [V] } UNION { [V] [U] [V] } } } } }
2	{ { { [V] [U] [U] } UNION { [V] [U] [V] } } [V] [U] [V] ; [U] [V] ; [U] [V] ; [U] [V] ; [U] [V] . [V] [U] [V] OPTIONAL { [V] [U] [V] } OPTIONAL { [V] [U] [V] } }
2	{ { { [V] [U] [U] } UNION { [V] [U] [V] } } [V] [U] [V] ; [U] [V] ; [U] [V] ; [U] [V] ; [U] [V] . [V] [U] [V] { { [V] [U] [V] ; [U] [V] } UNION { [V] [U] [V] ; [U] [V] } } }
2	{ { { [V] [U] [U] } UNION { [V] [U] [V] } } }
3	{ OPTIONAL { [V] [U] [V] } OPTIONAL { [V] [U] [V] } OPTIONAL { [V] [U] [V] } }
3	{ [V] [U] [V] . [V] [U] [L] . [V] [U] [V] ; [U] [V] ; [U] [V] ; [U] [L] }
3	{ [V] [U] [V] . [V] [U] [V] ; [U] [V] . [V] [U] [V] }
3	{ { [V] [U] [V] . [V] [U] [V] } [V] [U] [V] . [V] [U] [V] . [V] [U] [V] ; [U] [V] }
3	{ { [V] [U] [V] } UNION { [V] [U] [V] } UNION { [V] [U] [V] } UNION { [V] [U] [V] } }
3	{ { [V] [U] [V] } UNION { [V] [V] [V] } }
3	{ { [V] [V] [U] } [V] [U] [V] }
3	{ { [V] [V] [V] } }
3	{ { { [V] [U] [U] } UNION { [V] [U] [V] } } [V] [U] [V] ; [U] [V] ; [U] [V] ; [U] [V] ; [U] [V] . [V] [U] [V] . [V] [U] [V] . [V] [U] [V] ; [U] [V] ; [U] [V] }
4	{ [B] [V] [V] }
4	{ [V] [U] [L] ; [U] [V] . [V] [U] [V] ; [U] [V] ; [U] [V] ; [U] [V] }
4	{ [V] [U] [V] . [V] [U] [V] OPTIONAL { [V] [U] [V] } OPTIONAL { [V] [U] [V] } OPTIONAL { [V] [U] [V] } OPTIONAL { [V] [U] [V] } OPTIONAL { [V] [U] [V] } OPTIONAL { [V] [U] [V] } }
4	{ { { [V] [U] [V] } OPTIONAL { [V] [U] [V] } } UNION { { [V] [U] [U] } OPTIONAL { [V] [U] [V] } } UNION { { [V] [U] [V] } OPTIONAL { [V] [U] [V] } } }
5	{ [U] [U] [V] ; [U] [V] ; [U] [V] . [V] [U] [V] }
5	{ [U] [U] [V] OPTIONAL { [U] [U] [V] } [U] [U] [V] . [V] [U] [V] }
5	{ [V] [U] [L] ; [U] [V] . [V] [U] [V] . [V] [U] [V] ; [U] [V] }
5	{ [V] [U] [L] OPTIONAL { [V] [U] [V] } OPTIONAL { [V] [U] [V] } }
5	{ [V] [U] [V] OPTIONAL { [V] [U] [V] } OPTIONAL { [V] [U] [V] } }
5	{ { [V] [V] [V] ; [U] [L] } UNION { [V] [V] [V] ; [U] [L] } }
6	{ OPTIONAL { [V] [U] [V] } OPTIONAL { [V] [U] [V] } }
6	{ [V] [U] [L] ; [U] [V] . [V] [U] [V] ; [U] [V] ; [U] [V] ; [U] [V] . [V] [U] [V] . [V] [U] [V] }
6	{ [V] [U] [V] . [V] [U] [V] . [V] [U] [V] }
6	{ [V] [U] [V] . [V] [U] [V] ; [U] [V] }
6	{ [V] [U] [V] ; [U] [V] . [V] [U] [V] }
6	{ [V] [V] [V] ; [U] [L] }
6	{ { [V] [U] [V] } UNION { [V] [U] [V] } UNION { [V] [U] [V] } UNION { [V] [U] [V] } UNION { [V] [U] [V] } UNION { [V] [U] [V] } . { { }
7	{ { [V] [U] [V] OPTIONAL { [V] [U] [V] } } }
8	{ [V] [U] [L] ; [U] [V] . [V] [U] [V] . [V] [U] [V] ; [U] [V] ; [V] [V] }
8	{ [V] [V] [V] . [V] [U] [V] }
8	{ { [V] [U] [L] ; [U] [V] . [V] [U] [V] } }
8	{ { { [V] [U] [V] } OPTIONAL { [V] [U] [V] } } }
9	{ [V] [U] [V] . [V] [U] [L] ; [U] [V] }
9	{ [V] [U] [V] ; [U] [V] ; [U] [V] }
9	{ [V] [V] [V] . [V] [U] [L] }
10	{ [V] [U] [L]E[L] }
10	{ [V] [U] [V] ; [V] [V] }
11	{ { [V] [U] [L] ; [U] [V] . [V] [U] [V] } UNION { [V] [U] [L] ; [U] [V] } UNION { [V] [U] [L] ; [U] [V] } UNION { [V] [U] [L] ; [U] [V] . [V] [U] [V] } }
12	{ { [V] [U] [V] } OPTIONAL { [V] [U] [V] } }
13	{ [V] [V] [V] ; [U] [V] }
14	{ [V] [V] [L] }
14	{ { OPTIONAL { [V] [U] [V] } OPTIONAL { [V] [U] [V] } } }
15	{ [V] [V] [V] OPTIONAL { [V] [U] [V] } }
21	{ { [V] [U] [V] } UNION { [V] [U] [V] } UNION { [V] [U] [V] } UNION { [V] [U] [V] } UNION { [V] [U] [V] } UNION { [V] [U] [V] } }
25	{ [V] [U] [V] . [V] [U] [V] . [V] [U] [V] . [V] [U] [L] }
26	{ [V] [U] [L] ; [U] [V] . [V] [U] [V] . [V] [U] [V] ; [U] [V] ; [U] [V] }
28	{ [V] [U] [L] . [V] [U] [V] }
28	{ [V] [U] [V] OPTIONAL { [V] [U] [V] } OPTIONAL { [V] [U] [V] } OPTIONAL { [V] [U] [V] } OPTIONAL { [V] [U] [V] } }
28	{ { { [V] [U] [V] } UNION { [V] [U] [V] } } }
30	{ [V] [U] [V] ; [U] [V] . [V] [U] [V] . [V] [U] [V] . [V] [U] [V] }
34	{ [V] [U] [L] ; [U] [V] . [V] [U] [V] . [V] [U] [V] ; [U] [V] ; [U] [V] ; [V] [V] }
38	{ { [V] [U] [L] . [V] [U] [V] ; [U] [V] } UNION { [V] [U] [L] ; [U] [V] . [V] [U] [V] } }
38	{ { [V] [V] [V] } UNION { [V] [V] [V] } }
40	{ [V] [U] [V] ; [U] [L] }
43	{ [V] [U] [V] ; [U] [V] . [V] [U] [V] . [V] [U] [V] . [V] [U] [V] ; [U] [V] }
49	{ [V] [U] [L] ; [U] [V] }
75	{ [V] [U] [V] . [V] [U] [L] }
81	{ { [V] [U] [V] } UNION { [V] [U] [V] } }
127	{ [L] [U] [V] }
128	{ [V] [U] [V] . [V] [U] [L] . [V] [U] [V] }
129	{ { [L] [V] [V] } UNION { [V] [V] [L] } }
136	{ { [V] [U] [V] } }
171	{ [V] [U] [V] . [V] [V] [V] }
182	{ [V] [U] [L] . [V] [U] [V] ; [U] [V] }
188	{ [V] [U] [V] . [V] [U] [V] . [V] [U] [V] . [V] [U] [V] }
193	{ [V] [U] [V] . [V] [U] [V] }
220	{ [V] [U] [V] ; [U] [V] . [V] [U] [L] }
230	{ [V] [V] [V] }
264	{ [V] [U] [V] OPTIONAL { [V] [U] [V] } }
323	{ [V] [U] [V] ; [U] [V] }
1444	{ OPTIONAL { [V] [U] [V] } }
2541	{ [V] [U] [L] ; [U] [V] . [V] [U] [V] }
3464	{ [V] [U] [V] }
100361	{ [V] [U] [L] }
